<?xml version="1.0" encoding="UTF-8" standalone="no"?>
<!--iDempiere(r) Release 5.1_2017-10-31 -Smart Suite ERP, CRM and SCM- (c) 1999-2016 iDempiere(r); Implementation: iDempiere - Supported by iDempiere community--><!--<!DOCTYPE idempiereTrl PUBLIC "-//ComPiere, Inc.//DTD iDempiere Translation 1.0//EN" "http://www.idempiere.com/dtd/idempiereTrl.dtd">--><idempiereTrl language="it_IT" table="AD_PrintFormatItem">
 <row id="2147" trl="N">
  <value column="Name" original="Rectangle">Rectangle</value>
  <value column="PrintName" original=""/>
  <value column="PrintNameSuffix" original=""/>
 </row>
 <row id="2148" trl="N">
  <value column="Name" original="Product Image">Product Image</value>
  <value column="PrintName" original=""/>
  <value column="PrintNameSuffix" original=""/>
 </row>
 <row id="2325" trl="N">
  <value column="Name" original="DocumentNo Barcode">DocumentNo Barcode</value>
  <value column="PrintName" original=""/>
  <value column="PrintNameSuffix" original=""/>
 </row>
 <row id="2326" trl="N">
  <value column="Name" original="UPC">UPC</value>
  <value column="PrintName" original=""/>
  <value column="PrintNameSuffix" original=""/>
 </row>
 <row id="2327" trl="N">
  <value column="Name" original="Postal">Postal</value>
  <value column="PrintName" original=""/>
  <value column="PrintNameSuffix" original=""/>
 </row>
 <row id="50477" trl="N">
  <value column="Name" original="VendorProductNo">Cod. Prodotto Fornitore</value>
  <value column="PrintName" original="VendorProductNo">VendorProductNo</value>
  <value column="PrintNameSuffix" original=""/>
 </row>
 <row id="50992" trl="N">
  <value column="Name" original="Setup T">Tempo di Preparazione</value>
  <value column="PrintName" original="Setup">Setup</value>
  <value column="PrintNameSuffix" original=""/>
 </row>
 <row id="51001" trl="N">
  <value column="Name" original="Cost T">Costo</value>
  <value column="PrintName" original="Cost T">Cost T</value>
  <value column="PrintNameSuffix" original=""/>
 </row>
 <row id="51005" trl="N">
  <value column="Name" original="Cost TL">Prezzo di Costo Attuale</value>
  <value column="PrintName" original="Cost TL">Cost TL</value>
  <value column="PrintNameSuffix" original=""/>
 </row>
 <row id="51006" trl="N">
  <value column="Name" original="Cost LL">Prezzo di Costo Corrente Livello Inferiore</value>
  <value column="PrintName" original="Cost LL">Cost LL</value>
  <value column="PrintNameSuffix" original=""/>
 </row>
 <row id="51013" trl="N">
  <value column="Name" original="Levels">Livelli</value>
  <value column="PrintName" original="Levels">Levels</value>
  <value column="PrintNameSuffix" original=""/>
 </row>
 <row id="51018" trl="N">
  <value column="Name" original="Parent">Prodotto</value>
  <value column="PrintName" original="Parent">Parent</value>
  <value column="PrintNameSuffix" original=""/>
 </row>
 <row id="51026" trl="N">
  <value column="Name" original="Acct Schema">Schema contabile</value>
  <value column="PrintName" original=""/>
  <value column="PrintNameSuffix" original=""/>
 </row>
 <row id="51066" trl="N">
  <value column="Name" original="F Cost">Prezzo del Costo Futuro</value>
  <value column="PrintName" original="F  Cost">F  Cost</value>
  <value column="PrintNameSuffix" original=""/>
 </row>
 <row id="51067" trl="N">
  <value column="Name" original="F Cost LL">Livello Inferiore Prezzo Costo Futuro</value>
  <value column="PrintName" original="F  Cost LL">F  Cost LL</value>
  <value column="PrintNameSuffix" original=""/>
 </row>
 <row id="51068" trl="N">
  <value column="Name" original="S Cost">Costo Standard</value>
  <value column="PrintName" original="S Cost">S Cost</value>
  <value column="PrintNameSuffix" original=""/>
 </row>
 <row id="51069" trl="N">
  <value column="Name" original="Frozen">Costo Bloccato</value>
  <value column="PrintName" original=""/>
  <value column="PrintNameSuffix" original=""/>
 </row>
 <row id="51074" trl="N">
  <value column="Name" original="Description">Descrizione</value>
  <value column="PrintName" original="Description">Description</value>
  <value column="PrintNameSuffix" original=""/>
 </row>
 <row id="51075" trl="N">
  <value column="Name" original="Help">Aiuto/Spiegazione</value>
  <value column="PrintName" original="Help">Help</value>
  <value column="PrintNameSuffix" original=""/>
 </row>
 <row id="51076" trl="N">
  <value column="Name" original="Help">Aiuto/Spiegazione</value>
  <value column="PrintName" original="Help">Help</value>
  <value column="PrintNameSuffix" original=""/>
 </row>
 <row id="51337" trl="N">
  <value column="Name" original="PP_Order_Node_ID">Attività Ordine di Lavorazione</value>
  <value column="PrintName" original=""/>
  <value column="PrintNameSuffix" original=""/>
 </row>
 <row id="200010" trl="N">
  <value column="Name" original="Standard Cost">Costo Standard</value>
  <value column="PrintName" original=""/>
  <value column="PrintNameSuffix" original=""/>
 </row>
 <row id="200011" trl="N">
  <value column="Name" original="Std Cost Amount Sum">Tot. Importi per Costo Standard</value>
  <value column="PrintName" original="Std Cost Amount Sum">Tot. Importi per Costo Standard</value>
  <value column="PrintNameSuffix" original=""/>
 </row>
 <row id="200067" trl="N">
  <value column="Name" original="Report Title">Report Title</value>
  <value column="PrintName" original="Single Level BOM">Single Level BOM</value>
  <value column="PrintNameSuffix" original=""/>
 </row>
 <row id="200068" trl="N">
  <value column="Name" original="Label Part Number">Label Part Number</value>
  <value column="PrintName" original="Part Number">Part Number</value>
  <value column="PrintNameSuffix" original=""/>
 </row>
 <row id="200069" trl="N">
  <value column="Name" original="Label Product Name">Label Product Name</value>
  <value column="PrintName" original="Product Name">Product Name</value>
  <value column="PrintNameSuffix" original=""/>
 </row>
 <row id="200070" trl="N">
  <value column="Name" original="Label Product Category">Label Product Category</value>
  <value column="PrintName" original="Product Category">Product Category</value>
  <value column="PrintNameSuffix" original=""/>
 </row>
 <row id="200071" trl="N">
  <value column="Name" original="Label Part Type">Label Part Type</value>
  <value column="PrintName" original="Part Type">Part Type</value>
  <value column="PrintNameSuffix" original=""/>
 </row>
 <row id="200072" trl="N">
  <value column="Name" original="Label Unit Of Measure">Label Unit Of Measure</value>
  <value column="PrintName" original="Unit of Measure">Unit of Measure</value>
  <value column="PrintNameSuffix" original=""/>
 </row>
 <row id="200073" trl="N">
  <value column="Name" original="Label Locator">Label Locator</value>
  <value column="PrintName" original="Locator">Locator</value>
  <value column="PrintNameSuffix" original=""/>
 </row>
 <row id="200074" trl="N">
  <value column="Name" original="Label Standard Cost">Label Standard Cost</value>
  <value column="PrintName" original="Standard Cost">Standard Cost</value>
  <value column="PrintNameSuffix" original=""/>
 </row>
 <row id="200075" trl="N">
  <value column="Name" original="Part Type">Categoria del Prodotto</value>
  <value column="PrintName" original="">Categoria del Prodotto</value>
  <value column="PrintNameSuffix" original=""/>
 </row>
 <row id="200076" trl="N">
  <value column="Name" original="Standard Cost">Costo Standard</value>
  <value column="PrintName" original="">Costo Standard</value>
  <value column="PrintNameSuffix" original=""/>
 </row>
 <row id="200077" trl="N">
  <value column="Name" original="Label Bill of Materials">Costo Standard</value>
  <value column="PrintName" original="Bill of Materials">Costo Standard</value>
  <value column="PrintNameSuffix" original=""/>
 </row>
 <row id="200078" trl="N">
  <value column="Name" original="Label Manufactured">Costo Standard</value>
  <value column="PrintName" original="Manufactured">Costo Standard</value>
  <value column="PrintNameSuffix" original=""/>
 </row>
 <row id="200079" trl="N">
  <value column="Name" original="Label Purchased">Costo Standard</value>
  <value column="PrintName" original="Purchased">Costo Standard</value>
  <value column="PrintNameSuffix" original=""/>
 </row>
 <row id="200080" trl="N">
  <value column="Name" original="Label Sold">Costo Standard</value>
  <value column="PrintName" original="Sold">Costo Standard</value>
  <value column="PrintNameSuffix" original=""/>
 </row>
 <row id="200081" trl="N">
  <value column="Name" original="Label Kanban">Costo Standard</value>
  <value column="PrintName" original="Kanban Controlled">Costo Standard</value>
  <value column="PrintNameSuffix" original=""/>
 </row>
 <row id="200085" trl="N">
  <value column="Name" original="Label BOM Verified">Costo Standard</value>
  <value column="PrintName" original="BOM Verified">Costo Standard</value>
  <value column="PrintNameSuffix" original=""/>
 </row>
 <row id="200153" trl="N">
  <value column="Name" original="Master BOM"><![CDATA[D.B. & Formula]]></value>
  <value column="PrintName" original="Master BOM"><![CDATA[D.B. & Formula]]></value>
  <value column="PrintNameSuffix" original=""/>
 </row>
</idempiereTrl>
