<?xml version="1.0" encoding="UTF-8" standalone="no"?>
<!--iDempiere(r) Release 5.1_2017-10-31 -Smart Suite ERP, CRM and SCM- (c) 1999-2016 iDempiere(r); Implementation: iDempiere - Supported by iDempiere community--><!--<!DOCTYPE idempiereTrl PUBLIC "-//ComPiere, Inc.//DTD iDempiere Translation 1.0//EN" "http://www.idempiere.com/dtd/idempiereTrl.dtd">--><idempiereTrl language="it_IT" table="AD_Task">
 <row id="102" trl="Y">
  <value column="Name" original="Java Version">Versione Java</value>
  <value column="Description" original="Displays the version of the default Java VM">Visualizza la versione della  Java VM</value>
  <value column="Help" original="The java version used by the application might be different.">Visualizza la versione della  Java VM</value>
 </row>
 <row id="103" trl="Y">
  <value column="Name" original="Database export">Export Database </value>
  <value column="Description" original="Export (save) the database">Export Database </value>
  <value column="Help" original="Run this command from the server">Esegue questo comando dal server </value>
 </row>
 <row id="104" trl="Y">
  <value column="Name" original="Database transfer">Trasferimento Database</value>
  <value column="Description" original="Transfer the database">Trasferimento Database</value>
  <value column="Help" original="Run this command from the server">Esegue questo comando dal server </value>
 </row>
</idempiereTrl>
