<?xml version="1.0" encoding="UTF-8" standalone="no"?>
<!--iDempiere(r) Release 5.1_2017-10-31 -Smart Suite ERP, CRM and SCM- (c) 1999-2016 iDempiere(r); Implementation: iDempiere - Supported by iDempiere community--><!--<!DOCTYPE idempiereTrl PUBLIC "-//ComPiere, Inc.//DTD iDempiere Translation 1.0//EN" "http://www.idempiere.com/dtd/idempiereTrl.dtd">--><idempiereTrl language="it_IT" table="AD_Workflow">
 <row id="101" trl="Y">
  <value column="Name" original="Project Setup and Use">Configurazione progetto</value>
  <value column="Description" original="Setup of projects and project reporting">Configurazione dei progetti e rendiconto dei progetti</value>
  <value column="Help" original="Projects allow to monitor the status and progress of sales opportunities, service projects and investment projects. A Project is a process that is undertaken which can involve multiple steps or phases and require resources from more than one area.">I Progetti permettono di controllare lo stato e i progressi delle opportunità di vendita, dei progetti di servizio e di investimento. Un Progetto è un processo intrapreso che può coinvolgere diverse azioni o fasi e richiede risorse da più di un' area.</value>
 </row>
 <row id="103" trl="Y">
  <value column="Name" original="Language Setup">Configurazione lingua</value>
  <value column="Description" original="Setup a new Language of the system and translate elements">Configura un nuovo lingua e traduce gli elementi.</value>
  <value column="Help" original="Define a new language as a system language.">Definisce un nuovo linguaggio come linguaggio di sistema.</value>
 </row>
 <row id="104" trl="Y">
  <value column="Name" original="Initial Client Setup Review">Rivisione configurazione iniziale del client</value>
  <value column="Description" original="Review of system level setup of a new  Client">Rivisione configurazione iniziale del client</value>
  <value column="Help" original="This workflow reviews the system setup of a new client as performed by the automatic Initial Client Setup.&#10;You may want to check also the following Workflows:&#10;- Accounting Setup&#10;- Business Partner Setup&#10;- Product Setup&#10;- Price list Setup&#10;- Warehouse Setup&#10;- Tax Setup">Questo workflow revisiona il sistema di configurazione di un Nuovo Cliente come effettuato dalla configurazione automatica Iniziale del Cliente.
Potresti voler controllare anche i seguenti Workflows:
- Configurazione Contabilità
- Configurazione Business Partner 
- Configurazione Prodotto - Configurazione Listino Prezzi
- Configurazione Magazzino
- Configurazione Tasse
</value>
 </row>
 <row id="105" trl="Y">
  <value column="Name" original="Accounting Setup">Configurazione Contabilità</value>
  <value column="Description" original="Review and change Accounting Setup">Revisiona e cambia l'inserimento contabilità</value>
  <value column="Help" original="This workflow allows you to review and change your Accounting Rules. ">Questo workflow ti permette di rivedere e cambiare le Regole di Contabilità. </value>
 </row>
 <row id="106" trl="Y">
  <value column="Name" original="Business Partner Setup">Configurazione business partner</value>
  <value column="Description" original="Setup Business Partner Rules">Inserimento Regole del Business Partner </value>
  <value column="Help" original="This workflow defines the Business Partners and the supporting rules.">Questo workflow definisce il Business Partners e le regole di appoggio.</value>
 </row>
 <row id="107" trl="Y">
  <value column="Name" original="Product Setup">Configurazione prodotti</value>
  <value column="Description" original="Set up Products">Inserimento Prodotti</value>
  <value column="Help" original="Define your products manually. You should verify the settings especially if you import your products.">Definisce i prodotti manualmente. Dovresti verificare l'inserimento dei prodotti specialmente in caso di importazione.</value>
 </row>
 <row id="108" trl="Y">
  <value column="Name" original="Price List Setup">Configurazione listini</value>
  <value column="Description" original="Define your Price Lists and Discounts">Definizione dei Listini Prezzi e degli Sconti</value>
  <value column="Help" original="You define your price lists after entering or importing your products. In addition to price lists, you can define discounts for business partners.  Assign specific Price Lists and Discounst to Business Partners.">Definisci il Listino Prezzi dopo aver inserito o importato i prodotti.</value>
 </row>
 <row id="109" trl="Y">
  <value column="Name" original="Replication Setup">Setup Replicazione</value>
  <value column="Description" original="Setup of data replication">Impostazione Replicazione</value>
  <value column="Help" original="Data Replication allows you to synchronize data of remote instances with a central office.  All actions are initialized from the central office.&lt;p&gt;&#10;&lt;b&gt;Central System:&lt;/b&gt;&lt;br&gt;&#10;- setup system with all organizations, roles, etc.&lt;br&gt;&#10;- run the migration to make sure that it is up-to-date&lt;br&gt;&#10;- export the central system&#10;&lt;p&gt;&#10;&lt;b&gt;Remote System:&lt;/b&gt;&#10;- install the exact version as Central System&lt;br&gt;&#10;- import data from Central System in the remote locations&#10;&lt;p&gt;&#10;&lt;b&gt;Central System:&lt;/b&gt;&#10;- Define Replication per Remote&lt;br&gt;&#10;- Make sure that the ID range is unique per remote - otherwise you will loose transactions!&lt;br&gt;&#10;- Initially Start the Replication Run to setup Remote&#10;&lt;p&gt;&#10;** Enter Transactions **&#10;&lt;p&gt;&#10;&lt;b&gt;Central System:&lt;/b&gt;&lt;br&gt;&#10;- Start the Replication Run when required"/>
 </row>
 <row id="110" trl="Y">
  <value column="Name" original="Tax Setup">Configurazione imposte</value>
  <value column="Description" original="Setup tax calculation">Configurazione calcolo delle imposte</value>
  <value column="Help" original="Setup the tax calculation for products, services and charges">Configura delle imposte per i prodotti, i servizi e le spese.</value>
 </row>
 <row id="111" trl="Y">
  <value column="Name" original="Sales Setup">Configurazione vendite</value>
  <value column="Description" original="Setup Sales">Configurazione vendite</value>
  <value column="Help" original="Setting up Sales Representatives, Commissions as well as Marketing Channels and Campaigns.">Configura i rappresentanti di Vendita, le Provvigioni, i Canali e le Campagne di Marketing.</value>
 </row>
 <row id="112" trl="Y">
  <value column="Name" original="Performance Measurement Setup">Configurazione indicatori di perfomance</value>
  <value column="Description" original="Setup your Performance Measurement">Configurazione indicatori di perfomance</value>
  <value column="Help" original="This workflow guides you through setting up your performance measurement based on Key Performance Indicators, Balanced Scorecard, etc.&#10;&#10;Most important: Do your analysis first!&#10;- What are your goals and how do you measure it?&#10;&#10;When you are setting up the system, you do it in reverse:&#10;First you define how you measure it and last you define the goals for the measurements.&#10;You have three ways measuring performance:&#10;- via quantifiable measures (e.g. sales of $3 million in Q1)&#10;- via manual measures&#10;- via achievements (tasks)&#10;&#10;The system converts the measures into percentages (based on the target and achieved measure - or number of total and reached achievements)">Questo workflow ti guida nella configurazione degli indicatori di performance basandoti sugli Indicatori di Performance Chiave, Segnapunti Bilanciati, ecc.

Fondamentale: Prima di tutto fai le tue analisi!
- Quali sono i tuoi obiettivi e come li misuri?

Mentre stai configurando il sistema, fallo alla rovescia:
Prima di tutto definisci come lo misuri e alla fine definisci gli obiettivi delle misurazioni.
Hai tre modi per misurare le performance:
- attraverso misure quantificabilli (p.e. vendite di $3 milioni in Q1)
- attraverso misure manuali
- attraverso risultati (compiti)

Il sistema converte le misure in percentuali (basate sulle misure e gli obiettivi raggiunti - o sul numero dei risultati totali raggiunti)</value>
 </row>
 <row id="113" trl="Y">
  <value column="Name" original="Request Setup">Cofigurazione richieste</value>
  <value column="Description" original="Set up the client to process requests">Configurazione richieste del cliente</value>
  <value column="Help" original=""/>
 </row>
 <row id="114" trl="Y">
  <value column="Name" original="Requisition Setup">Requisition Setup</value>
  <value column="Description" original=""/>
  <value column="Help" original=""/>
 </row>
 <row id="115" trl="Y">
  <value column="Name" original="Process_Requisition">Process Requisition</value>
  <value column="Description" original="(Standard Process_Requisition)"/>
  <value column="Help" original=""/>
 </row>
 <row id="116" trl="Y">
  <value column="Name" original="Process_Order">Process_Order</value>
  <value column="Description" original="(Standard Process Order)">(Standard Process Order)</value>
  <value column="Help" original=""/>
 </row>
 <row id="117" trl="Y">
  <value column="Name" original="Process_Shipment">Process_Shipment</value>
  <value column="Description" original="(Standard Process Shipment)">(Standard Process Shipment)</value>
  <value column="Help" original=""/>
 </row>
 <row id="118" trl="Y">
  <value column="Name" original="Process_Invoice">Process_Invoice</value>
  <value column="Description" original="(Standard Process Invoice)">(Standard Process Onvoice)</value>
  <value column="Help" original=""/>
 </row>
 <row id="119" trl="Y">
  <value column="Name" original="Process_Cash">Process_Cash</value>
  <value column="Description" original="(Standard Process Cash)">(Standard Process Cash)</value>
  <value column="Help" original=""/>
 </row>
 <row id="120" trl="Y">
  <value column="Name" original="Process_Payment">Process_Payment</value>
  <value column="Description" original="(Standard Process Payment)">(Standard Process Payment)</value>
  <value column="Help" original=""/>
 </row>
 <row id="121" trl="Y">
  <value column="Name" original="Process_Journal">Process_Jouranl</value>
  <value column="Description" original="(Standard Process Journal)">(Standard Process Journal)</value>
  <value column="Help" original=""/>
 </row>
 <row id="122" trl="Y">
  <value column="Name" original="Process_JournalBatch">Process_JournalBatch</value>
  <value column="Description" original="(Standard Process Jornal Batch)">(Standard Process Jornal Batch)</value>
  <value column="Help" original=""/>
 </row>
 <row id="123" trl="Y">
  <value column="Name" original="Process_RMA">Process RMA</value>
  <value column="Description" original="(Standard Process_RMA)">(Standard Process_RMA)</value>
  <value column="Help" original=""/>
 </row>
 <row id="124" trl="Y">
  <value column="Name" original="Process_InOutConfirm">Process_InOutConfirm</value>
  <value column="Description" original="(Standard Process Confirmation)">(Standard Process Confirmation)</value>
  <value column="Help" original=""/>
 </row>
 <row id="125" trl="Y">
  <value column="Name" original="Process_Allocation">Process_Allocation</value>
  <value column="Description" original="(Standard Process Allocation)">(Standard Process Allocation)</value>
  <value column="Help" original=""/>
 </row>
 <row id="126" trl="Y">
  <value column="Name" original="Process_TimeExpense">Process_TimeExpense</value>
  <value column="Description" original="(Standard Process Time Expense)">(Standard Process Time Expense)</value>
  <value column="Help" original=""/>
 </row>
 <row id="127" trl="Y">
  <value column="Name" original="Process_Inventory">Process_Inventory</value>
  <value column="Description" original="(Standard Process Inventory)">(Standard Process Inventory)</value>
  <value column="Help" original=""/>
 </row>
 <row id="128" trl="Y">
  <value column="Name" original="Process_Movement">Process_Movement</value>
  <value column="Description" original="(Standard Process Movement)">(Standard Process Movement)</value>
  <value column="Help" original=""/>
 </row>
 <row id="129" trl="Y">
  <value column="Name" original="Process_MovementConfirm">Process_MovementConfirm</value>
  <value column="Description" original="(Standard Process Movement Confirmation)">(Standard Process Movement Confirmation)</value>
  <value column="Help" original=""/>
 </row>
 <row id="130" trl="Y">
  <value column="Name" original="Process_BankStatement">Process_BankStatement</value>
  <value column="Description" original="(Standard Process Bank Statement)">(Standard Process Bank Statement)</value>
  <value column="Help" original=""/>
 </row>
 <row id="131" trl="N">
  <value column="Name" original="Business Partner Approval">Business Partner Approval</value>
  <value column="Description" original="Example Document based workflow">Example Document based workflow</value>
  <value column="Help" original="When a new Business Partner is created, it is forwarded for review and credit check.">When a new Business Partner is created, it is forwarded for review and credit check.</value>
 </row>
 <row id="50000" trl="Y">
  <value column="Name" original="Manufacturing Management Setup">Manufacturing Management Setup(X)</value>
  <value column="Description" original="Setup Manufacturing Management">Setup Manufacturing Management</value>
  <value column="Help" original="This workflow defines the Manufacturing Management and the supporting rules.">This workflow defines the Manufacturing Management and the supporting rules.</value>
 </row>
 <row id="50001" trl="Y">
  <value column="Name" original="Manufacturing Workflow Setup">Manufacturing Workflow Setup</value>
  <value column="Description" original="Setup Manufacturing Workflow">Setup Manufacturing Workflow</value>
  <value column="Help" original="This workflow defines the Manufacturing Workflow  Setup">This workflow defines the Manufacturing Workflow  Setup</value>
 </row>
 <row id="50002" trl="Y">
  <value column="Name" original="Bill of Material &amp; Formula Setup"><![CDATA[Bill of Material & Formula Setup(X)]]></value>
  <value column="Description" original="Setup Bill of Material &amp; Formula"><![CDATA[Setup Bill of Material & Formula]]></value>
  <value column="Help" original="This workflow defines the Bill of Material &amp; Formula"><![CDATA[This workflow defines the Bill of Material & Formula]]></value>
 </row>
 <row id="50003" trl="Y">
  <value column="Name" original="Planning Management Setup">Planning Management Setup</value>
  <value column="Description" original="Setup Planning Management">Setup Planning Management</value>
  <value column="Help" original="Before the production processes can be done, it is necessary to plan the activities which must be accomplished to assure the products can be gotten at the right time in order not to remain a long time in the warehouse, or at the contrary, to cause delays in shipments because components shortages in the manufacturing order.&#10;&#10;Another subject to take into account are the production cost and the capacity of shipping good quality products.&#10;&#10;Using Planning Management you answer the question: When and How Many products we must get?">Before the production processes can be done, it is necessary to plan the activities which must be accomplished to assure the products can be gotten at the right time in order not to remain a long time in the warehouse, or at the contrary, to cause delays in shipments because components shortages in the manufacturing order.

Another subject to take into account are the production cost and the capacity of shipping good quality products.

Using Planning Management you answer the question: When and How Many products we must get?</value>
 </row>
 <row id="50004" trl="Y">
  <value column="Name" original="Material Requirement Planning Setup">Material Requirement Planning Setup</value>
  <value column="Description" original="MRP is a set of techniques which uses Bills of Material, Inventory Data, and the Master Production Schedule to calculate requirements for materials.">MRP is a set of techniques which uses Bills of Material, Inventory Data, and the Master Production Schedule to calculate requirements for materials.</value>
  <value column="Help" original="MRP is a set of techniques which uses Bills of Material, Inventory Data, and the Master Production Schedule to calculate requirements for materials. It create planned orders to balance demand ans supply for products and it issues recommendations to receipt material with the right quantities and at the right dates to satisfy the Master Production Schedule in the most efficient way.">MRP is a set of techniques which uses Bills of Material, Inventory Data, and the Master Production Schedule to calculate requirements for materials. It create planned orders to balance demand ans supply for products and it issues recommendations to receipt material with the right quantities and at the right dates to satisfy the Master Production Schedule in the most efficient way.</value>
 </row>
 <row id="50005" trl="Y">
  <value column="Name" original="Capacity Requirement Planning Setup">Capacity Requirement Planning Setup</value>
  <value column="Description" original="The process of Capacity Plan Calculation allows us to know the available time in each manufacturing resource, as well as the required time to satisfy the Master Production Schedule.">The process of Capacity Plan Calculation allows us to know the available time in each manufacturing resource, as well as the required time to satisfy the Master Production Schedule.</value>
  <value column="Help" original="It is a set of techniques which uses the planned orders by MRP, open manufacturing orders, manufacturing resources and the work-flows to calculate the required time for each resource along with the available time. With this information, we are able to balance the time demand with the available time. Through the knowledge of the required and available capacities it is possible to adjust the Master Production Schedule(MPS) until we arrive at a realistic one.">It is a set of techniques which uses the planned orders by MRP, open manufacturing orders, manufacturing resources and the work-flows to calculate the required time for each resource along with the available time. With this information, we are able to balance the time demand with the available time. Through the knowledge of the required and available capacities it is possible to adjust the Master Production Schedule(MPS) until we arrive at a realistic one.</value>
 </row>
 <row id="50006" trl="Y">
  <value column="Name" original="Distribution Resource Planning Setup">Distribution Resource Planning Setup</value>
  <value column="Description" original="is a method used in business administration for planning orders within a supply chain. DRP enables the user to set certain inventory control parameters (like a safety stock) and calculate the time-phased inventory requirements.">is a method used in business administration for planning orders within a supply chain. DRP enables the user to set certain inventory control parameters (like a safety stock) and calculate the time-phased inventory requirements.</value>
  <value column="Help" original="is a method used in business administration for planning orders within a supply chain. DRP enables the user to set certain inventory control parameters (like a safety stock) and calculate the time-phased inventory requirements.">is a method used in business administration for planning orders within a supply chain. DRP enables the user to set certain inventory control parameters (like a safety stock) and calculate the time-phased inventory requirements.</value>
 </row>
 <row id="50007" trl="Y">
  <value column="Name" original="Discrete Manufacturing Setup">Discrete Manufacturing Setup</value>
  <value column="Description" original="Once the production planning process is completed, the production control process let us to check the execution activities in order to be sure we can reach the material plan.">Once the production planning process is completed, the production control process let us to check the execution activities in order to be sure we can reach the material plan.</value>
  <value column="Help" original="Once the production planning process is completed, the production control process let us to check the execution activities in order to be sure we can reach the material plan.&#10;&#10;Each time you need to release an order you need to be sure the components are complete in the warehouse, this is obtained by tracking the release and due dates for every component, this is easy to get using the shortages reports and from this module.&#10;&#10;This module mainly answer the question:&#10;&#10;What do I need to do to accomplish the&#10;MPS?&#10;&#10;If you cannot cover the MPS as you had planned, this module gives you information needed to decrease the effect on the costs and on the customer service.">Once the production planning process is completed, the production control process let us to check the execution activities in order to be sure we can reach the material plan.

Each time you need to release an order you need to be sure the components are complete in the warehouse, this is obtained by tracking the release and due dates for every component, this is easy to get using the shortages reports and from this module.

This module mainly answer the question:

What do I need to do to accomplish the
MPS?

If you cannot cover the MPS as you had planned, this module gives you information needed to decrease the effect on the costs and on the customer service.</value>
 </row>
 <row id="50008" trl="Y">
  <value column="Name" original="Process_Manufacturing_Order">Process_Manufacturing_Order(X)</value>
  <value column="Description" original="(Standard Process Manufacturing Order)">(Standard Process Manufacturing Order)</value>
  <value column="Help" original=""/>
 </row>
 <row id="50009" trl="Y">
  <value column="Name" original="Process_CostCollector">Process_CostCollector(X)</value>
  <value column="Description" original="(Standard Process Manufacturing Cost Collector)">(Standard Process Manufacturing Cost Collector)</value>
  <value column="Help" original=""/>
 </row>
 <row id="50010" trl="Y">
  <value column="Name" original="Distribution Management Setup">Distribution Management Setup</value>
  <value column="Description" original="Setup Distribution Management">Setup Distribution Management</value>
  <value column="Help" original=""/>
 </row>
 <row id="50011" trl="Y">
  <value column="Name" original="Process_Distribution_Order">Process_Distribution_Order(X)</value>
  <value column="Description" original="(Standard Process Distribution Order)">(Standard Process Distribution Order)</value>
  <value column="Help" original=""/>
 </row>
 <row id="50012" trl="Y">
  <value column="Name" original="Setup Replication">Setup Replica</value>
  <value column="Description" original="Setup of data replication">Setup Replica</value>
  <value column="Help" original="Data Replication allows you to synchronize data of remote instances with a central office.  All actions are initialized from the central office.&lt;p&gt;&#10;&lt;b&gt;Central System:&lt;/b&gt;&lt;br&gt;&#10;- setup system with all organizations, roles, etc.&lt;br&gt;&#10;- run the migration to make sure that it is up-to-date&lt;br&gt;&#10;- export the central system&lt;br&gt;&#10;&lt;p&gt;&#10;&lt;b&gt;Remote System:&lt;/b&gt;&#10;- install the exact version as Central System&lt;br&gt;&#10;- import data from Central System in the remote locations&lt;br&gt;&#10;&lt;p&gt;&#10;&lt;b&gt;Central System:&lt;/b&gt;&#10;- Replication Strategy&lt;br&gt;&#10;- Define Export Format&lt;br&gt;&#10;- Config Export Processor&lt;br&gt;&#10;- Start JMS Server&lt;br&gt;&#10;&lt;p&gt;&#10;** Enter Transactions **&#10;&lt;p&gt;&#10;&lt;b&gt;Remote System:&lt;/b&gt;&lt;br&gt;&#10;- Config Import Processor&lt;br&gt;"><![CDATA[Setup Data Replica permette di sincronizzare i dati in un sistema remoto  con un ufficio centrale .  Tutte le azioni sono inizializzate dall'ufficio centrale .<p>
<b>Sistema Centrale :</b><br>
- setup system with all organizations, roles, etc.<br>
- run the migration to make sure that it is up-to-date<br>
- export the central system<br>
<p>
<b>Sistema Remoto:</b>
- install the exact version as Central System<br>
- import data from Central System in the remote locations<br>
<p>
<b>Central System:</b>
- Replication Strategy<br>
- Define Export Format<br>
- Config Export Processor<br>
- Start JMS Server<br>
<p>
** Enter Transactions **
<p>
<b>Remote System:</b><br>
- Config Import Processor<br>]]></value>
 </row>
 <row id="50013" trl="Y">
  <value column="Name" original="Process_Payroll">Process_Payroll(X)</value>
  <value column="Description" original="(Standard Process Payroll)">(Standard Process Payroll)</value>
  <value column="Help" original=""/>
 </row>
 <row id="50014" trl="Y">
  <value column="Name" original="Setup Human Resource &amp; Payroll"><![CDATA[Setup Human Resource & Payroll(X)]]></value>
  <value column="Description" original="Setup Human Resource &amp; Payroll"><![CDATA[Setup Human Resource & Payroll]]></value>
  <value column="Help" original=""/>
 </row>
 <row id="50015" trl="N">
  <value column="Name" original="Patio Chair">Patio Chair</value>
  <value column="Description" original="Routing for Assembly the Patio Chair">Routing for Assembly the Patio Chair</value>
  <value column="Help" original=""/>
 </row>
 <row id="50016" trl="N">
  <value column="Name" original="Lawn Fertilizer">Lawn Fertilizer</value>
  <value column="Description" original=""/>
  <value column="Help" original=""/>
 </row>
 <row id="50017" trl="N">
  <value column="Name" original="Fertilizer Packing Process">Fertilizer Packing Process</value>
  <value column="Description" original="Production Line to Packing the Fertilizer Bag 50 and 70 kg ">Production Line to Packing the Fertilizer Bag 50 and 70 kg </value>
  <value column="Help" original=""/>
 </row>
 <row id="50018" trl="N">
  <value column="Name" original="Patio Furniture Set">Patio Furniture Set</value>
  <value column="Description" original=""/>
  <value column="Help" original=""/>
 </row>
 <row id="50020" trl="Y">
  <value column="Name" original="Process_Asset_Adition">Processo di Aggiunta Cespite</value>
  <value column="Description" original=""/>
  <value column="Help" original=""/>
 </row>
 <row id="50021" trl="Y">
  <value column="Name" original="Process_Asset_Disposed">Processo di Dismissione Cespite</value>
  <value column="Description" original=""/>
  <value column="Help" original=""/>
 </row>
 <row id="50022" trl="Y">
  <value column="Name" original="Process_Asset_Transfer">Processo Trasferimento Cespite</value>
  <value column="Description" original=""/>
  <value column="Help" original=""/>
 </row>
 <row id="50023" trl="Y">
  <value column="Name" original="Process_Asset_Reval">Processo Rivalutazione Cespite</value>
  <value column="Description" original=""/>
  <value column="Help" original=""/>
 </row>
 <row id="50024" trl="Y">
  <value column="Name" original="Process Asset Depreciation Entry">Processo di Svalutazione Cespite</value>
  <value column="Description" original=""/>
  <value column="Help" original=""/>
 </row>
 <row id="200002" trl="Y">
  <value column="Name" original="Process_Production">Processo di Produzione</value>
  <value column="Description" original=""/>
  <value column="Help" original=""/>
 </row>
</idempiereTrl>
