<?xml version="1.0" encoding="UTF-8" standalone="no"?>
<!--iDempiere(r) Release 5.1_2017-10-31 -Smart Suite ERP, CRM and SCM- (c) 1999-2016 iDempiere(r); Implementation: iDempiere - Supported by iDempiere community--><!--<!DOCTYPE idempiereTrl PUBLIC "-//ComPiere, Inc.//DTD iDempiere Translation 1.0//EN" "http://www.idempiere.com/dtd/idempiereTrl.dtd">--><idempiereTrl language="it_IT" table="C_Campaign">
 <row id="101" trl="Y">
  <value column="Name" original="Standard">Standard</value>
  <value column="Description" original=""/>
 </row>
 <row id="102" trl="Y">
  <value column="Name" original="Spring Mailer">Spring Mailer</value>
  <value column="Description" original="Brochure Mailing for Spring">Brochure Mailing for Spring</value>
 </row>
</idempiereTrl>
