<?xml version="1.0" encoding="UTF-8" standalone="no"?>
<!--iDempiere(r) Release 5.1_2017-10-31 -Smart Suite ERP, CRM and SCM- (c) 1999-2016 iDempiere(r); Implementation: iDempiere - Supported by iDempiere community--><!--<!DOCTYPE idempiereTrl PUBLIC "-//ComPiere, Inc.//DTD iDempiere Translation 1.0//EN" "http://www.idempiere.com/dtd/idempiereTrl.dtd">--><idempiereTrl language="it_IT" table="C_DunningLevel">
 <row id="100" trl="Y">
  <value column="PrintName" original="Statement">Statement</value>
  <value column="Note" original="Please review your statement and submit due payments.">Please review your statement and submit due payments.</value>
 </row>
 <row id="101" trl="Y">
  <value column="PrintName" original="Dunning Letter">Dunning Letter</value>
  <value column="Note" original="Please pay the due invoices immediately">Please pay the due invoices immediately</value>
 </row>
</idempiereTrl>
