<?xml version="1.0" encoding="UTF-8" standalone="no"?>
<!--iDempiere(r) Release 5.1_2017-10-31 -Smart Suite ERP, CRM and SCM- (c) 1999-2016 iDempiere(r); Implementation: iDempiere - Supported by iDempiere community--><!--<!DOCTYPE idempiereTrl PUBLIC "-//ComPiere, Inc.//DTD iDempiere Translation 1.0//EN" "http://www.idempiere.com/dtd/idempiereTrl.dtd">--><idempiereTrl language="it_IT" table="PA_DashboardContent">
 <row id="50000" trl="Y">
  <value column="Name" original="Activities">Attività</value>
  <value column="Description" original="Workflow activities, notices and requests">Attività</value>
  <value column="HTML" original=""/>
 </row>
 <row id="50001" trl="Y">
  <value column="Name" original="Favourites">Preferiti</value>
  <value column="Description" original="User favourities">Preferiti</value>
  <value column="HTML" original=""/>
 </row>
 <row id="50002" trl="Y">
  <value column="Name" original="Views">Viste</value>
  <value column="Description" original="Info views">Viste</value>
  <value column="HTML" original=""/>
 </row>
 <row id="50003" trl="Y">
  <value column="Name" original="Performance">Cruscotto</value>
  <value column="Description" original="Performance meters">Cruscotto</value>
  <value column="HTML" original=""/>
 </row>
 <row id="50004" trl="Y">
  <value column="Name" original="Calendar">Calendar</value>
  <value column="Description" original="Request Calendar">Request Calendar</value>
  <value column="HTML" original=""/>
 </row>
 <row id="200000" trl="Y">
  <value column="Name" original="Recent Items">Schede Recenti</value>
  <value column="Description" original="Recent items">Schede Recenti</value>
  <value column="HTML" original=""/>
 </row>
 <row id="200001" trl="Y">
  <value column="Name" original="Menu">Menu</value>
  <value column="Description" original="Menu">Menu</value>
  <value column="HTML" original=""/>
 </row>
 <row id="200002" trl="N">
  <value column="Name" original="Running Jobs">Running Jobs</value>
  <value column="Description" original="Running Jobs">Running Jobs</value>
  <value column="HTML" original=""/>
 </row>
 <row id="200003" trl="N">
  <value column="Name" original="Activities">Activities</value>
  <value column="Description" original=""/>
  <value column="HTML" original=""/>
 </row>
</idempiereTrl>
