<?xml version="1.0" encoding="UTF-8" standalone="no"?>
<!--iDempiere(r) Release 5.1_2017-10-31 -Smart Suite ERP, CRM and SCM- (c) 1999-2016 iDempiere(r); Implementation: iDempiere - Supported by iDempiere community--><!--<!DOCTYPE idempiereTrl PUBLIC "-//ComPiere, Inc.//DTD iDempiere Translation 1.0//EN" "http://www.idempiere.com/dtd/idempiereTrl.dtd">--><idempiereTrl language="it_IT" table="PP_Product_BOM">
 <row id="145" trl="Y">
  <value column="Name" original="Patio Furniture Set">Patio Furniture Set</value>
  <value column="Description" original="1 table, 4 Chairs and 1 Sun Screen">1 table, 4 Chairs and 1 Sun Screen</value>
  <value column="Help" original=""/>
 </row>
 <row id="50000" trl="Y">
  <value column="Name" original="Patio Chair">Patio Chair</value>
  <value column="Description" original="Nice Chair for outdoors">Nice Chair for outdoors</value>
  <value column="Help" original=""/>
 </row>
 <row id="50001" trl="Y">
  <value column="Name" original="Assembly Back Leg">Assembly Back Leg</value>
  <value column="Description" original=""/>
  <value column="Help" original=""/>
 </row>
 <row id="50003" trl="Y">
  <value column="Name" original="Assembly Front Leg">Assembly Front Leg</value>
  <value column="Description" original=""/>
  <value column="Help" original=""/>
 </row>
 <row id="50004" trl="Y">
  <value column="Name" original="Fertilizer #50">Fertilizer #50</value>
  <value column="Description" original="50 # Bag of Lawn Fertilizer">50 # Bag of Lawn Fertilizer</value>
  <value column="Help" original=""/>
 </row>
 <row id="50005" trl="Y">
  <value column="Name" original="Fertilizer #70">Fertilizer #70</value>
  <value column="Description" original="70 # Bag of Lawn Fertilizer">70 # Bag of Lawn Fertilizer</value>
  <value column="Help" original=""/>
 </row>
 <row id="50006" trl="Y">
  <value column="Name" original="Lawn Fertilizer">Lawn Fertilizer</value>
  <value column="Description" original=""/>
  <value column="Help" original=""/>
 </row>
</idempiereTrl>
