<?xml version="1.0" encoding="UTF-8" standalone="no"?>
<!--iDempiere(r) Release 11_2023-12-24 -Smart Suite ERP, CRM and SCM- (c) 1999-2024 iDempiere(r); Implementation: iDempiere - Supported by iDempiere community--><!--<!DOCTYPE idempiereTrl PUBLIC "-//ComPiere, Inc.//DTD iDempiere Translation 1.0//EN" "http://www.idempiere.com/dtd/idempiereTrl.dtd">--><idempiereTrl language="it_IT" table="AD_Chart">
 <row id="50000" trl="Y">
  <value column="Name" original="My Sales Pipeline">La mia pipeline di vendita</value>
  <value column="Description" original=""/>
  <value column="DomainLabel" original="Sales Stage">Fase di vendita</value>
  <value column="RangeLabel" original="Value">Valore</value>
 </row>
 <row id="50001" trl="Y">
  <value column="Name" original="My Opportunities by Campaign">Le mie opportunità per campagna</value>
  <value column="Description" original=""/>
  <value column="DomainLabel" original="Opportunity">Opportunità</value>
  <value column="RangeLabel" original="Campaign">Campagna</value>
 </row>
 <row id="50002" trl="Y">
  <value column="Name" original="Sales YTD">Vendite da inizio anno a oggi</value>
  <value column="Description" original=""/>
  <value column="DomainLabel" original="Month">Mese</value>
  <value column="RangeLabel" original="Value">Valore</value>
 </row>
 <row id="50003" trl="Y">
  <value column="Name" original="My Open Requests">Le mie richieste aperte</value>
  <value column="Description" original=""/>
  <value column="DomainLabel" original=""/>
  <value column="RangeLabel" original=""/>
 </row>
 <row trl="Y" uuid="e11ba42a-a069-4b45-a0f9-fa2877424249">
  <value column="Name" original="Hours Resource">Ore risorsa</value>
  <value column="Description" original=""/>
  <value column="DomainLabel" original="Day">Giorno</value>
  <value column="RangeLabel" original="Hour">Ora</value>
 </row>
 <row trl="Y" uuid="97883d05-37da-4dd5-b6f4-7f907d3cacf7">
  <value column="Name" original="Hours Resource 2">Ora risorsa 2</value>
  <value column="Description" original=""/>
  <value column="DomainLabel" original="Day">Giorno</value>
  <value column="RangeLabel" original="Hour">Ora</value>
 </row>
</idempiereTrl>
