<?xml version="1.0" encoding="UTF-8" standalone="no"?>
<!--iDempiere(r) Release 11_2023-12-24 -Smart Suite ERP, CRM and SCM- (c) 1999-2024 iDempiere(r); Implementation: iDempiere - Supported by iDempiere community--><!--<!DOCTYPE idempiereTrl PUBLIC "-//ComPiere, Inc.//DTD iDempiere Translation 1.0//EN" "http://www.idempiere.com/dtd/idempiereTrl.dtd">--><idempiereTrl language="it_IT" table="AD_Form">
 <row id="100" trl="Y">
  <value column="Name" original="Generate Invoices (manual)">Crea fattura (manuale) [CFMA00]</value>
  <value column="Description" original="Select and generate invoices">Crea fattura (manuale) [CFMA00]</value>
  <value column="Help" original="Generate Invoices from Orders.  &#10;Select the orders to generate the invoice for.">Genera fatture dagli ordini.
Seleziona gli ordini per cui generare la fattura.</value>
 </row>
 <row id="101" trl="Y">
  <value column="Name" original="Import File Loader">Caricamento file importazione [CFI00]</value>
  <value column="Description" original="Load flat Files into import tables">Caricamento file importazione</value>
  <value column="Help" original="The Import File Loader parses the content of a flat file and loads it into import tables. Comments start with a '[' and end with a ']' and are ignored; example: [Some Heading].">Caricamento file importazione. I commenti iniziano con  '[' e  terminano con  ']' e sono ignorati dal sistema  esempio : [commento esempio].</value>
 </row>
 <row id="102" trl="Y">
  <value column="Name" original="Initial Tenant Setup Form (deprecated)">Creazione nuovo client/azienda</value>
  <value column="Description" original="Initial new Tenant Setup">Creazione nuovo client/azienda</value>
  <value column="Help" original="Set up a new Tenant of the system">Creazione nuovo client/azienda</value>
 </row>
 <row id="103" trl="Y">
  <value column="Name" original="Material Transactions">Movimento magazzino [MOVA00]</value>
  <value column="Description" original="Material Transactions">Movimento magazzino [MOVA00]</value>
  <value column="Help" original=""/>
 </row>
 <row id="104" trl="Y">
  <value column="Name" original="Payment Allocation">Abbinamento pagamento [ABP00]</value>
  <value column="Description" original="Allocate invoices and payments">Abbinamento pagamento</value>
  <value column="Help" original=""/>
 </row>
 <row id="105" trl="Y">
  <value column="Name" original="Generate Charges">Crea addebiti [CRADD00]</value>
  <value column="Description" original="Generate Charges from natural accounts">Genera addebiti</value>
  <value column="Help" original="Use the upper portion to create new charges using the general charge accounts.  Use the lower portion to create charges based on the natural account.">Utilizza la parte alta per creare nuovi addebiti utilizzando i conti degli addebiti e la parte bassa per creare addebiti basti sui conti generali.</value>
 </row>
 <row id="106" trl="Y">
  <value column="Name" original="Payment Print/Export">Stampa o esporta pagamento [SEXP00]</value>
  <value column="Description" original="Print or export your payments">Stampa o esporta pagamento</value>
  <value column="Help" original=""/>
 </row>
 <row id="107" trl="Y">
  <value column="Name" original="Payment Selection (manual)">Seleziona pagamento (manuale) [SELPM00]</value>
  <value column="Description" original="Manual Payment Selection">Seleziona pagamento (manuale) [SELPM00]</value>
  <value column="Help" original="Select vendor invoices for payment. If you don't see an invoice, make sure that it is not included in a different (nprocessed) Payment Selection.">Seleziona le fatture fornitore per i pagamenti . Se non visualizzi le fatture assicurati che non siano state selezionate in un differente processo di selezione pagamenti.</value>
 </row>
 <row id="108" trl="Y">
  <value column="Name" original="Matching PO-Receipt-Invoice">Controllo entrata merce fattura [CEMF00]</value>
  <value column="Description" original="Match Purchase Orders, Receipts, Vendor Invoices">Abbina ordini di acquisto, entrate merci e fatture fornitori</value>
  <value column="Help" original="Make sure that the Receipts and Invoices are processed. If you want to match partial shipment, make sure that &quot;Same Quantity&quot; is not selected.">Assicurati che le entrate merci siano state completate. Se vuoi abbinare consegne parziali assicurati che "stessa quantità" non sia selezionato</value>
 </row>
 <row id="109" trl="Y">
  <value column="Name" original="Translation Import/Export Form (deprecated)">Importazione/esportazione traduzioni</value>
  <value column="Description" original="Import or Export Language Translation">Importazione/esportazione traduzioni</value>
  <value column="Help" original="Export/Import Translation info to/from xml for translation in external tool. Please note that the Language MUST be an enabled and verified System Langage.">Importazione/esportazione traduzioni crea un file xml con le traduzioni della lingua. Notare che la lingua deve essere abilità ed eseguita una verifica.</value>
 </row>
 <row id="110" trl="Y">
  <value column="Name" original="Generate Shipments (manual)">Crea documento di trasporto (DDT) manuale [DDTM01]</value>
  <value column="Description" original="Select and generate shipments">Crea documento di trasporto (DDT) manuale [DDTM01]</value>
  <value column="Help" original="Generate Shipments from Orders.  &#10;Select the orders to generate the shipments for.">Genera spedizioni (Manuale)
Seleziona gli ordini e genera le spedizioni .</value>
 </row>
 <row id="111" trl="Y">
  <value column="Name" original="SQL Process">Esegui istruzioni SQL [ISQL00]</value>
  <value column="Description" original="Process SQL Statements">Esegui istruzioni SQL [ISQL00]</value>
  <value column="Help" original="Process SQL DDL Statements">Esegui istruzioni SQL</value>
 </row>
 <row id="112" trl="Y">
  <value column="Name" original="Merge Entities">Migrazione entità [MEN00]</value>
  <value column="Description" original="Merge From Entity to To Entity - Delete From">Migrazione entità (organizzazione, business partner, product) Da una entità ad un'altra</value>
  <value column="Help" original="&lt;i&gt;Dangerous - Please are aware of what you are doing!&lt;/i&gt;&#10;All instances of the From entity (e.g. Customer A) are changed to the To entity (e.g. Customer B). &#10;The From entity (e.g. Customer A) is deleted. &#10;&lt;p&gt;&lt;b&gt;There is NO undo nor trace !  Please do a backup first&lt;/b&gt; Please be aware that you may be changing history records (e.g. invoices, etc.) ! &lt;/p&gt;&#10;&lt;p&gt;&lt;b&gt;Side effects:&lt;/b&gt; Merging Products are likely to distort product costs; Merging Business Partners may result in incorrect open item balance. Check with support on remedies.&lt;/p&gt;&#10;&lt;p&gt;&lt;b&gt;Restrictions:&lt;/b&gt; Accounting and Inventory conflicts are not resolved in this version.&lt;/p&gt;" xml:space="preserve"><![CDATA[<p><i>Pericoloso - Porre la dovute attenzione&nbsp;!</i>&nbsp;Tutte le informazioni dell&#39;Entit&agrave; &quot;DA&quot; verranno convertite nell&#39;Entit&agrave; &quot;A&quot;. L&#39;Entit&ograve; &quot;DA&quot; verr&ograve; cancellata</p>

<p><b>Non c&#39;&egrave; il la possibilit&agrave; di tornare indietro ! Eseguire un Backup prima di eseguire il processo</b>&nbsp;Tutte i Record riguardandi le transazioni verranno modificati (per esempio le Fatture)</p>

<p><b>Effetti Collaterali&nbsp;:</b> Migrare i Prodotti pu&ograve; avere effetti indesiderati sui Costi, Migrare Business Partner potrebbe avere risultanze da verifica nelle Partite Aperte.</p>

<p><b>Restrizioni :</b>&nbsp;Contabilit&agrave; e Magazzino - eventuali conflitti non vengono risolti</p>
]]></value>
 </row>
 <row id="113" trl="Y">
  <value column="Name" original="POS">POS - Punto di vendita [POS01]</value>
  <value column="Description" original="Point Of Sales Terminal">POS (Point Of Sales Terminal) Punto di Vendita</value>
  <value column="Help" original="Enter Transactions via a POS Terminal.  Automatically, scans or credit card swipes are recongized.">POS (Point Of Sales Terminal) Punto di Vendita</value>
 </row>
 <row id="114" trl="Y">
  <value column="Name" original="BOM Drop">Distinta base (estesa) [DBR00]</value>
  <value column="Description" original="Drop (expand) Bill of Materials">Distinta base estesa</value>
  <value column="Help" original="Drop the extended Bill of Materials into an Order, Invoice, etc.  The documents need to be in a Drafted stage.  Make sure that the items included in the BOM are on the price list of the Order, Invoice, etc. as otherwise the price will be zero!">Inserisci la distinta base estesa in un ordine, fattura, ecc. I documenti devono essere in una fase di bozza. Assicurati che gli articoli inclusi nella distinta base siano sul listino prezzi dell'ordine, della fattura, ecc. altrimenti il ​​prezzo sarà zero!</value>
 </row>
 <row id="115" trl="Y">
  <value column="Name" original="Tree Maintenance">Gestione albero [GSA00]</value>
  <value column="Description" original="Maintain Trees">Gestione albero</value>
  <value column="Help" original="View and change trees. Maintain the entries in their specific Windows.">Gestione albero</value>
 </row>
 <row id="116" trl="Y">
  <value column="Name" original="Workflow Editor">Editor workflow [EWF00]</value>
  <value column="Description" original="Edit Workflows">Editor workflow</value>
  <value column="Help" original="Edit the graphical layout of workflows">Editor grafico workflow</value>
 </row>
 <row id="117" trl="Y">
  <value column="Name" original="Workflow Activities">Attività workflow [WFA00]</value>
  <value column="Description" original="My active workflow activities">Attività workflow</value>
  <value column="Help" original="View active worflow activities">Attività workflow</value>
 </row>
 <row id="118" trl="Y">
  <value column="Name" original="Archive Viewer">Visualizzazione archivio allegato [VAL00]</value>
  <value column="Description" original="View automatically archived Documents">Visualizzazione archivio allegato [VAL00]</value>
  <value column="Help" original="Depending on the Tenant Automatic Archive Level documents and reports are saved and available for view. In the Report Viewer you can manually archive Documents or Reports.  You can only view archives, if you have access to the original document.">A seconda del livello di archivio automatico del cliente, i documenti e i report vengono salvati e resi disponibili per la visualizzazione. Nel Report Viewer puoi archiviare manualmente Documenti o Report. Puoi visualizzare gli archivi solo se hai accesso al documento originale.</value>
 </row>
 <row id="119" trl="Y">
  <value column="Name" original="Performance Indicators">Indicatore della performance [INPF00]</value>
  <value column="Description" original="View Performance Indicators">Indicatore della performance [INPF00]</value>
  <value column="Help" original="View all Performance Indicators and Goals">Indicatore di performance</value>
 </row>
 <row id="120" trl="Y">
  <value column="Name" original="Product Attribute Grid">Griglia attributo prodotto [GAP00]</value>
  <value column="Description" original="Maintain Products with Attributes in a Table Grid">Griglia attributo prodotto</value>
  <value column="Help" original="Select one or two attributes if a Product Attribute and display/maintain products in a row or table grid.">Griglia attributo prodotto</value>
 </row>
 <row id="53001" trl="Y">
  <value column="Name" original="BOM and Formula Info">Info distinta base</value>
  <value column="Description" original="Shows in two different panels the parent-component relationship for the product entered in the Product field.">Visualizza nei due pannelli i componenti e le relazioni con il prodotto padre.</value>
  <value column="Help" original="The BOM &amp; Formula Review option menu shows in two different panels the parent-component relationship for the product entered in the Product field.&#10;&#10;You need to introduce the parent product you want to see its components then click the OK button, next drag the left margin of the panel to the right and you will have the two panels.&#10;&#10;When you need to consult an implosion, click the implosion check box and enter the component you wish to consult and tick the Implosion check box.&#10;&#10;You need to introduce the parent product you want to see its components then click the OK button, next drag the left margin of the panel to the right and you will have the two panels.&#10;&#10;The left panel shows the BOM hierarchies in a tree form. The right panel shows the information connected with the BOM for every product in it">Visualizza nei due pannelli i componenti e le relazioni con il prodotto padre.</value>
 </row>
 <row id="53002" trl="Y">
  <value column="Name" original="Product Configuration BOM">Configura distinta base</value>
  <value column="Description" original="This form let create a product configure with multy level using options and variants">Questa maschera permette di creare una distinta base multilivello configurabile.</value>
  <value column="Help" original="A configurable Bill of Material (CBOM) is used by industries that have multiple options and highly configurable products.&#10;&#10;The CBOM is used to dynamically create &quot;end-items&quot; that a company sells. The benefit of using CBOM structure is it reduces the work-effort needed to maintain product structures. The configurable BOM is most frequently driven by &quot;configurator&quot; software, however it can be enabled manually (manual maintenance is infrequent because its unwieldy to manage the number of permutaions and combinations of possible configurations) The development of the CBOM is dependent on having a Modular BOM structure in place (see Modular BOM). The Modular BOM structure provides the assemblies/sub-systems that can be selected to &quot;configure&quot; an end-item.">Questa maschera permette di creare una distinta base multilivello configurabile.</value>
 </row>
 <row id="53003" trl="Y">
  <value column="Name" original="MRP Info">Ricerca MRP</value>
  <value column="Description" original="Show the detail of MRP calculation">Visualizza i dettagli del calcolo dell'MRP</value>
  <value column="Help" original="Show the detail of MRP calculation">Visualizza i dettagli del calcolo dell'MRP</value>
 </row>
 <row id="53004" trl="Y">
  <value column="Name" original="Planned Order Approval ">Approvazione ordine pianificato</value>
  <value column="Description" original="A planned manufacturing order is a manufacturing order suggested by the MRP process and contains its quantity and its release and promise dates.">Un ordine di produzione pianificato è proposto dall'MRP e contiene quantità e date .</value>
  <value column="Help" original="A planned manufacturing order is a manufacturing order suggested by the MRP process and contains its quantity and its release and promise dates. when you approve a manufacturing planned order you convert it in a manufacturing order with the status of In Process.&#10;&#10;When you approve a planned order you are telling the system that the manufacturing order is ready to start its process with the approval you change the order status from Draft to In Process.">Un ordine di produzione pianificato è proposto dall'MRP e contiene quantità e date .</value>
 </row>
 <row id="53005" trl="Y">
  <value column="Name" original="CRP Info">CRP Info</value>
  <value column="Description" original="It shows graphically of the required and available time for each manufacturing resource.">Visualizza graficamente il tempo richiesto e disponibile per ogni centro di lavoro</value>
  <value column="Help" original="It shows graphically of the required and available time for each manufacturing resource.">Visualizza graficamente il tempo richiesto e disponibile per ogni centro di lavoro</value>
 </row>
 <row id="53006" trl="Y">
  <value column="Name" original="Resource Load View">Carico risorsa di produzione</value>
  <value column="Description" original="It shows graphically of the required and available time for each manufacturing resource.">Visualizza graficamente la capacità richiesta e disponibile per ogni risorsa di produzione.</value>
  <value column="Help" original="It shows graphically of the required and available time for each manufacturing resource.">Visualizza graficamente la capacità richiesta e disponibile per ogni risorsa di produzione.</value>
 </row>
 <row id="53007" trl="Y">
  <value column="Name" original="Order Receipt and Issue">Ricevimento OP e completamento</value>
  <value column="Description" original="Order Receipt and Issue">Ricevimento OP e completamento</value>
  <value column="Help" original="The form shows at the upper side static information around the product and the manufacturing resource where it has to be made, it also shows a summary of the quantities to be controlled in the MO such as the Original and delivered quantities and the Quantity to deliver for the MO up to date.&#10;&#10;If the production process requires production in batch, then the Qty Batchs shows the Number of batches the shop floor needs to do and the Qty Batch Size contains the size of every batch to be produced.&#10;&#10;&#10;If you want to issue the MO components before you receive the finished product you should tick the checkbox Is Delivery, this case is recommended when you have a long to medium lead time and you want to have the inventory quantities as reliable as possible at every moment.&#10;&#10;If you have small lead time and you wish to save clerk time then you must tick Is Backflush checkbox and you will receive the finished product at the same time you issue automatically the components&#10;&#10;The Backflush Group field is used when you want to issue just components belonging to this group. (This characteristic could not be included in the current version).&#10;&#10;At the lower part of the window you can find the list of every MO component, this can be modified according with the real products and quantities given to the shop floor.&#10;&#10;The quantities to be issued are selected with the checkbox at the first column of the list of components. If the actual quantity is different from the standard quantity showed in the column Qty to deliver you should edit this field to enter the right quantity to be issued.&#10;&#10;Finally a message box asks if you want to close the OM document, you should click the ok button if this MO does not have any more transactions and has to be closed.&#10;&#10;"/>
 </row>
 <row id="53008" trl="Y">
  <value column="Name" original="Generate Movement Manual">Crea movimenti manuali</value>
  <value column="Description" original="Generate Movement to a Order Distribution">Generare movimento per un ordine distribuzione</value>
  <value column="Help" original=""/>
 </row>
 <row id="53009" trl="Y">
  <value column="Name" original="Payroll Action Notice">Notifica azione paghe</value>
  <value column="Description" original="Payroll Action Notice let entry the events that happend with any Employee">Notifica azione paghe</value>
  <value column="Help" original=""/>
 </row>
 <row id="53010" trl="Y">
  <value column="Name" original="Generate Shipments and Invoices (manual)">Crea fatture (manuale)</value>
  <value column="Description" original="Select and generate shipments &amp; Invoices">Seleziona e genera spedizioni e fatture</value>
  <value column="Help" original="Generate Shipments &amp; Invoices from Orders.  &#10;Select the orders to generate the shipments &amp; Invoices for.">Seleziona e genera spedizioni e fatture
</value>
 </row>
 <row id="53012" trl="Y">
  <value column="Name" original="Material Receipt Distribution Order">Ordine di distribuzione</value>
  <value column="Description" original="Material Receipt Distribution Order">Ordine di distribuzione</value>
  <value column="Help" original=""/>
 </row>
 <row id="53013" trl="Y">
  <value column="Name" original="Manufacturing Workflow Editor">Editor workflow di produzione</value>
  <value column="Description" original="Edit Manufacturing Workflows">Editor workflow di produzione</value>
  <value column="Help" original="Edit the graphical layout of manufacturing workflows"/>
 </row>
 <row id="53016" trl="Y">
  <value column="Name" original="Accounting Fact Reconciliation (manual)">Riconciliazione contabile (manuale) [RCM01]</value>
  <value column="Description" original="">Riconciliazione contabile (manuale) [RCM01]</value>
  <value column="Help" original=""/>
 </row>
 <row id="53017" trl="Y">
  <value column="Name" original="BOM Viewer">Visualizza distinta base [VDB00]</value>
  <value column="Description" original="Shows the parent-component relationship for the product entered in the Product field.">Visualizza distinta base</value>
  <value column="Help" original="Selecting a product will display a hierarchy of components and sub-BOMs for that product.&#13;&#10;&#13;&#10;Selecting the &quot;Where Used&quot; check box will display the BOMs that this product is used in.">Seleziona un prodotto  e verrà visualizzato l'elenco dei componenti e sotto-livelli.

Selezionando "implosione" verranno visualizzate tutte le distinte base deve questo prodotto è presente.</value>
 </row>
 <row id="53039" trl="Y">
  <value column="Name" original="Cascade Delete Entitites">Elimina entità a cascata</value>
  <value column="Description" original="You can select document tables and delete all the client related children to that table - useful for cleaning test data before going live">È possibile selezionare le tabelle dei documenti ed eliminare tutti i figli del cliente collegati a quella tabella: utile per pulire i dati di prova prima di andare in produzione.</value>
  <value column="Help" original=""/>
 </row>
 <row id="200000" trl="Y">
  <value column="Name" original="Setup Wizard">Procedura guidata [SWR00]</value>
  <value column="Description" original=""/>
  <value column="Help" original=""/>
 </row>
 <row id="200001" trl="Y">
  <value column="Name" original="Reset Password">Resetta password [RESP00]</value>
  <value column="Description" original="Reset Password">Resetta password [RESP00]</value>
  <value column="Help" original=""/>
 </row>
 <row id="200002" trl="Y">
  <value column="Name" original="Report Wizard">Procedura guidata report</value>
  <value column="Description" original="Report Wizard">Procedura guidata report</value>
  <value column="Help" original=""/>
 </row>
 <row id="200005" trl="Y">
  <value column="Name" original="Tab Editor">Tab editor</value>
  <value column="Description" original=""/>
  <value column="Help" original=""/>
 </row>
 <row id="200006" trl="Y">
  <value column="Name" original="Bank Statement Create From Batch">VCreateFromBatchStatementUI</value>
  <value column="Description" original=""/>
  <value column="Help" original=""/>
 </row>
 <row id="200008" trl="Y">
  <value column="Name" original="Captured Process Parameter">Parametri di processo catturati</value>
  <value column="Description" original=""/>
  <value column="Help" original=""/>
 </row>
 <row id="200009" trl="Y">
  <value column="Name" original="Compare Field Suggestion">Confronta i suggerimenti di modifica dei campi</value>
  <value column="Description" original="Review field changes for label, descriptipn and help">Confronta i suggerimenti di modifica dei campi</value>
  <value column="Help" original=""/>
 </row>
 <row id="200010" trl="Y">
  <value column="Name" original="Compare Context Help Suggestion">Confronta i suggerimenti di modifica aiuto contestuale</value>
  <value column="Description" original="Review changes for context help">Confronta i suggerimenti di modifica aiuto contestuale</value>
  <value column="Help" original=""/>
 </row>
 <row id="200011" trl="Y">
  <value column="Name" original="idempiereMonitor">idempiereMonitor</value>
  <value column="Description" original="Form to configure access to /idempiereMonitor - do not add to menu">Form to configure access to /idempiereMonitor - do not add to menu</value>
  <value column="Help" original=""/>
 </row>
 <row id="200012" trl="Y">
  <value column="Name" original="Apache Felix Web Console">Apache Felix Web Console</value>
  <value column="Description" original="Form to configure access to /osgi/system/console - do not add to menu">Configurare l'accesso a /osgi/system/console - non aggiungere al menu</value>
  <value column="Help" original=""/>
 </row>
 <row id="200015" trl="Y">
  <value column="Name" original="Plugin Manager">Plugin manager [PM00]</value>
  <value column="Description" original="Plugin Manager">Plugin manager [PM00]</value>
  <value column="Help" original="Plugin Manager">Plugin manager</value>
 </row>
 <row id="200016" trl="Y">
  <value column="Name" original="Add Authorization Mail Account">Aggiungi autorizzazione account di posta</value>
  <value column="Description" original=""/>
  <value column="Help" original=""/>
 </row>
 <row id="200017" trl="Y">
  <value column="Name" original="Register MFA">Registra MFA</value>
  <value column="Description" original="Register a multi-factor authentication mechanism">Registra un meccanismo di autenticazione MFA</value>
  <value column="Help" original=""/>
 </row>
 <row id="200018" trl="Y">
  <value column="Name" original="SQL Query">SQL Query [SQLQ00]</value>
  <value column="Description" original="Process SQL Queries">SQL Query [SQLQ00]</value>
  <value column="Help" original="Process SQL Queries"/>
 </row>
 <row trl="Y" uuid="edc059a8-4a80-475e-b643-223344bb6883">
  <value column="Name" original="Console Insert Resource Attendance [ROC10]">Console inserimento ore [ROC10]</value>
  <value column="Description" original="Console Insert Resource Attendance - #RESATT#IC">Console inserimento ore - #RESATT#IC</value>
  <value column="Help" original=""/>
 </row>
 <row trl="Y" uuid="4becce62-2dc6-492f-af0c-010c735f1f9c">
  <value column="Name" original="BOM Viewer Advanced">Visualizza distinta base avanzata [VDBA00]</value>
  <value column="Description" original="Shows the parent-component relationship for the product entered in the Product field.">Visualizza distinta base avanzata</value>
  <value column="Help" original="Selecting a product will display a hierarchy of components and sub-BOMs for that product.&#13;&#10;&#13;&#10;Selecting the &quot;Where Used&quot; check box will display the BOMs that this product is used in."/>
 </row>
 <row trl="Y" uuid="7cbb483d-2580-4930-8a29-646c9fe5c011">
  <value column="Name" original="Attribute Set Adjustment [RL13]">Rettifica lotto [RL13]</value>
  <value column="Description" original=""/>
  <value column="Help" original=""/>
 </row>
 <row trl="Y" uuid="661d37c6-0502-486c-967e-d7e52d8781be">
  <value column="Name" original="POS Shopfloor Control">POS - Controllo avanzamento di produzione [PCAR00]</value>
  <value column="Description" original="Point Of Sales for Shopfloor Control">Punto vendita per il controllo del piano di lavoro</value>
  <value column="Help" original="Enter Transactions via a POS Terminal.  Automatically, scans or credit card swipes are recongized.  new: org.adempiere.pos.WPOS  old: org.compiere.pos.PosPanel">Inserisci le transazioni tramite un terminale POS. Vengono riconosciute automaticamente le scansioni o gli swipe delle carte di credito. new: org.adempiere.pos.WPOS ole: org.compiere.pos.PosPanel</value>
 </row>
 <row trl="Y" uuid="ed231bcd-4b2e-4821-b287-0921498636f0">
  <value column="Name" original="Console Summary Resource Assignment [ROC11]">Console sommario ore assegnazione risorsa [ROC11]</value>
  <value column="Description" original="Console Summary Resource Assignment - #RESASS#IC">Console sommario ore assegnazione risorsa - #RESASS#IC</value>
  <value column="Help" original=""/>
 </row>
 <row trl="Y" uuid="147f28bc-25e9-40cc-9f6e-e79299c405c6">
  <value column="Name" original="Browse Account Data">Elenco operazione contabile [EOC00]</value>
  <value column="Description" original="Browse Account Data">Elenco operazione contabile [EOC00]</value>
  <value column="Help" original=""/>
 </row>
 <row trl="Y" uuid="dd2fe780-cf05-46ae-8fe2-c5566d2858a7">
  <value column="Name" original="Generate Shipments from Barcode">Crea documento di trasporto (DDT) da barcode [DDTB00]</value>
  <value column="Description" original="">Genera spedizioni da barcode</value>
  <value column="Help" original=""/>
 </row>
 <row trl="Y" uuid="023de22e-b814-4271-8964-ceff5d5d2420">
  <value column="Name" original="ToDo Calendar">Calendario ToDo</value>
  <value column="Description" original="JPIERE-0471:JPPS">JPIERE-0471:JPPS</value>
  <value column="Help" original=""/>
 </row>
 <row trl="Y" uuid="951384d4-e452-492d-a1cc-477c551b6294">
  <value column="Name" original="ToDo Daily List">Elenco giornaliero ToDo</value>
  <value column="Description" original="JPIERE-0477:JPPS">JPIERE-0477:JPPS</value>
  <value column="Help" original=""/>
 </row>
</idempiereTrl>
