<?xml version="1.0" encoding="UTF-8" standalone="no"?>
<!--iDempiere(r) Release 11_2023-12-24 -Smart Suite ERP, CRM and SCM- (c) 1999-2024 iDempiere(r); Implementation: iDempiere - Supported by iDempiere community--><!--<!DOCTYPE idempiereTrl PUBLIC "-//ComPiere, Inc.//DTD iDempiere Translation 1.0//EN" "http://www.idempiere.com/dtd/idempiereTrl.dtd">--><idempiereTrl language="it_IT" table="AD_FieldGroup">
 <row id="101" trl="Y">
  <value column="Name" original="Status">Stato</value>
 </row>
 <row id="102" trl="Y">
  <value column="Name" original="Quantities">Quantità</value>
 </row>
 <row id="103" trl="Y">
  <value column="Name" original="Amounts">Conto</value>
 </row>
 <row id="104" trl="Y">
  <value column="Name" original="Reference">Riferimenti</value>
 </row>
 <row id="105" trl="Y">
  <value column="Name" original="History">Storico</value>
 </row>
 <row id="106" trl="Y">
  <value column="Name" original="Product">Prodotto</value>
 </row>
 <row id="107" trl="Y">
  <value column="Name" original="Business Partner">Business partner</value>
 </row>
 <row id="108" trl="Y">
  <value column="Name" original="Warehouse">Magazzino</value>
 </row>
 <row id="109" trl="Y">
  <value column="Name" original="Bank Accounts">Banca</value>
 </row>
 <row id="110" trl="Y">
  <value column="Name" original="Cash Book Accounts">Libro Cassa</value>
 </row>
 <row id="111" trl="Y">
  <value column="Name" original="Tax Accounts">Imposta</value>
 </row>
 <row id="112" trl="Y">
  <value column="Name" original="Project Accounts">Progetto</value>
 </row>
 <row id="113" trl="Y">
  <value column="Name" original="General">Generale</value>
 </row>
 <row id="114" trl="Y">
  <value column="Name" original="Action">Azione</value>
 </row>
 <row id="115" trl="Y">
  <value column="Name" original="Standard Cost">Costo standard</value>
 </row>
 <row id="116" trl="Y">
  <value column="Name" original="Actual Costs">Costo effettivo</value>
 </row>
 <row id="117" trl="Y">
  <value column="Name" original="Statistics">Statistiche</value>
 </row>
 <row id="118" trl="Y">
  <value column="Name" original="Defaults">Defaults</value>
 </row>
 <row id="119" trl="Y">
  <value column="Name" original="Request Management">Gestione delle richieste</value>
 </row>
 <row id="120" trl="Y">
  <value column="Name" original="Web Store">Ecommerce</value>
 </row>
 <row id="121" trl="Y">
  <value column="Name" original="Internal">Interna</value>
 </row>
 <row id="122" trl="Y">
  <value column="Name" original="External">Esterna</value>
 </row>
 <row id="123" trl="Y">
  <value column="Name" original="Common">Comune</value>
 </row>
 <row id="124" trl="Y">
  <value column="Name" original="Shipment">Spedizione</value>
 </row>
 <row id="125" trl="Y">
  <value column="Name" original="Document">Documento</value>
 </row>
 <row id="126" trl="Y">
  <value column="Name" original="Line">Riga</value>
 </row>
 <row id="127" trl="Y">
  <value column="Name" original="Simulation">Simulazione</value>
 </row>
 <row id="128" trl="Y">
  <value column="Name" original="Calculations">Calcolo</value>
 </row>
 <row id="129" trl="Y">
  <value column="Name" original="Proxy">Proxy</value>
 </row>
 <row id="130" trl="Y">
  <value column="Name" original="Delivery">Consegna</value>
 </row>
 <row id="131" trl="Y">
  <value column="Name" original="Invoicing">Fatturazione</value>
 </row>
 <row id="132" trl="Y">
  <value column="Name" original="Only ..">Solo ..</value>
 </row>
 <row id="133" trl="Y">
  <value column="Name" original="Selection">Selezione</value>
 </row>
 <row id="134" trl="Y">
  <value column="Name" original="Workflow">Workflow</value>
 </row>
 <row id="135" trl="Y">
  <value column="Name" original="Access">Accesso</value>
 </row>
 <row id="50000" trl="Y">
  <value column="Name" original="Allow Info In Role">Consenti informazioni nel ruolo</value>
 </row>
 <row id="50001" trl="Y">
  <value column="Name" original="Accounts">Conto</value>
 </row>
 <row id="50002" trl="Y">
  <value column="Name" original="Setup">Impostazioni</value>
 </row>
 <row id="50003" trl="Y">
  <value column="Name" original="Dates">Date</value>
 </row>
 <row id="50004" trl="Y">
  <value column="Name" original="Revaluation Accounts">Conti di rivalutazione</value>
 </row>
 <row id="50005" trl="Y">
  <value column="Name" original="Contract">Contratto</value>
 </row>
 <row id="50006" trl="Y">
  <value column="Name" original="Options">Opzioni</value>
 </row>
 <row id="50007" trl="Y">
  <value column="Name" original="General Ledger">Contabilità generale</value>
 </row>
 <row id="50008" trl="Y">
  <value column="Name" original="Machines">Macchine</value>
 </row>
 <row id="50009" trl="Y">
  <value column="Name" original="Database">Database</value>
 </row>
 <row id="50010" trl="Y">
  <value column="Name" original="Manufacturing Accounts">Produzione</value>
 </row>
 <row id="50012" trl="Y">
  <value column="Name" original="Logo">Logo</value>
 </row>
 <row id="50016" trl="Y">
  <value column="Name" original="Location">Sede</value>
 </row>
 <row id="50017" trl="Y">
  <value column="Name" original="Fixed Asset">Cespiti</value>
 </row>
 <row id="50018" trl="Y">
  <value column="Name" original="Maintenance">Manutenzione</value>
 </row>
 <row id="50019" trl="Y">
  <value column="Name" original="Funding">Finanziamenti</value>
 </row>
 <row id="50020" trl="Y">
  <value column="Name" original="Depreciation">Svalutazione</value>
 </row>
 <row id="200000" trl="Y">
  <value column="Name" original="Swing Position">Posizione swing</value>
 </row>
 <row id="200001" trl="Y">
  <value column="Name" original="Web Position">Posizione web</value>
 </row>
 <row id="200003" trl="Y">
  <value column="Name" original="User Locking">Utente bloccato</value>
 </row>
 <row id="200004" trl="Y">
  <value column="Name" original="Overwritten From Column">Sovrascritto dal campo</value>
 </row>
 <row id="200005" trl="Y">
  <value column="Name" original="Customer Information">Informazioni cliente</value>
 </row>
 <row id="200006" trl="Y">
  <value column="Name" original="Vendor Information">Informazioni fornitore</value>
 </row>
 <row id="200007" trl="Y">
  <value column="Name" original="Sales Information">Informazioni di vendita</value>
 </row>
 <row id="200008" trl="Y">
  <value column="Name" original="Document Preferences">Preferenze documenti</value>
 </row>
 <row id="200009" trl="Y">
  <value column="Name" original="Charge Account">Addebito</value>
 </row>
 <row id="200010" trl="Y">
  <value column="Name" original="Business Partner Accounts">Business partner</value>
 </row>
 <row id="200011" trl="Y">
  <value column="Name" original="Product Accounts">Conto prodotto</value>
 </row>
 <row id="200012" trl="Y">
  <value column="Name" original="Warehouse Accounts">Conto contabile magazzino</value>
 </row>
 <row id="200013" trl="Y">
  <value column="Name" original="Product Category Accounts">Conto categoria prodotto</value>
 </row>
 <row id="200014" trl="Y">
  <value column="Name" original="Business Partner Group Accounts">Gruppo business partner</value>
 </row>
 <row id="200015" trl="Y">
  <value column="Name" original="Technical">Tecnico</value>
 </row>
 <row id="200016" trl="Y">
  <value column="Name" original="Foreign Key">Chiave esterna</value>
 </row>
 <row id="200018" trl="Y">
  <value column="Name" original="Background Job">Background Job</value>
 </row>
 <row id="200022" trl="Y">
  <value column="Name" original="Placeholders">Segnaposto</value>
 </row>
 <row id="200024" trl="Y">
  <value column="Name" original="FROM BANK ACCOUNT">DA CONTO BANCARIO</value>
 </row>
 <row id="200025" trl="Y">
  <value column="Name" original="TO BANK ACCOUNT">A CONTO BANCARIO</value>
 </row>
 <row id="200027" trl="Y">
  <value column="Name" original="EMail">Email</value>
 </row>
 <row id="200028" trl="Y">
  <value column="Name" original="TOTP">TOTP</value>
 </row>
 <row id="200029" trl="Y">
  <value column="Name" original="Source">Sorgente</value>
 </row>
 <row id="200030" trl="Y">
  <value column="Name" original="Printing">Stampa</value>
 </row>
 <row id="200031" trl="Y">
  <value column="Name" original="( None )">(Nessuno)</value>
 </row>
 <row trl="Y" uuid="64d9ab59-43b4-4323-8782-967c8416df0c">
  <value column="Name" original="Document Description">Descrizione documento</value>
 </row>
 <row trl="Y" uuid="a5a3386b-4128-4801-8e68-79d21dea64fb">
  <value column="Name" original="Withholding Information">Informazione ritenuta</value>
 </row>
 <row trl="Y" uuid="2a7e526f-e49b-4b30-8e5e-45995f40ed0a">
  <value column="Name" original="NextCloud Configuration">NextCloud Configurazioni</value>
 </row>
 <row trl="Y" uuid="7f29042a-8ab2-4773-ae5b-b6642015838d">
  <value column="Name" original="iTop Configuration">iTop Configurazioni</value>
 </row>
 <row trl="Y" uuid="1ef951f1-23ba-4126-b616-19f61df3f641">
  <value column="Name" original="Gestione Separata">Gestione separata</value>
 </row>
 <row trl="Y" uuid="f986a244-f9dc-4172-aa04-dafec0fadce0">
  <value column="Name" original="Customer/Vendor Information">Informazioni cliente/fornitore</value>
 </row>
 <row trl="Y" uuid="e58db383-f714-4e94-9259-089047df5d8a">
  <value column="Name" original="Subcontracting Information">Informazioni conto lavoro</value>
 </row>
 <row trl="Y" uuid="b5792991-b82d-4eeb-8251-1f3aeb1793ae">
  <value column="Name" original="LIT VAT">Dati IVA</value>
 </row>
 <row trl="Y" uuid="bcf91871-1f4d-4c2a-aaf8-09205b54652c">
  <value column="Name" original="Resource Assignment">Gestione con assegnazione risorsa</value>
 </row>
 <row trl="Y" uuid="d5bd2c5a-08b2-4648-b6dd-e0ee48e9aeae">
  <value column="Name" original="6-Pack">6-Pack</value>
 </row>
 <row trl="Y" uuid="671dcea4-f171-4953-8a75-9e279b4bb31b">
  <value column="Name" original="Call Data">Dati bando</value>
 </row>
 <row trl="Y" uuid="4ae23a62-0cbb-450f-a53d-f1ce8aadf04e">
  <value column="Name" original="Report Parameter - Sales Order">Parametrizzazione report - offerta/ordine di vendita</value>
 </row>
 <row trl="Y" uuid="c2fa1508-1112-4176-b0ed-716ad0b99cb3">
  <value column="Name" original="Report Parameter - Shipment">Parametrizzazione report - documento di trasporto</value>
 </row>
 <row trl="Y" uuid="27a17288-59a4-4d9e-98a5-f27da0ae723f">
  <value column="Name" original="Report Parameter - Invoice (Customer)">Parametrizzazione report - fattura di vendita</value>
 </row>
 <row trl="Y" uuid="01bbe495-f05c-4b21-a8e8-24c2b0e0d6cf">
  <value column="Name" original="Report Parameter - Purchase Order">Parametrizzazione report - ordine di acquisto</value>
 </row>
 <row trl="Y" uuid="97250c40-3d7a-4ff1-8afd-02ba0230c91b">
  <value column="Name" original="Report Parameter Material Receipt">Parametrizzazione report - entrata merce</value>
 </row>
 <row trl="Y" uuid="414c5142-2690-4943-a501-8167460f68cf">
  <value column="Name" original="Report Parameter Invoice (Vendor)">Parametrizzazione report - fattura di acquisto</value>
 </row>
 <row trl="Y" uuid="676da211-1442-4408-94db-e95d4c8ea46b">
  <value column="Name" original="Report Parameter Language">Parametrizzazione lingua report</value>
 </row>
 <row trl="Y" uuid="fb9f8751-2f2e-44bd-9794-ee3905038c44">
  <value column="Name" original="IAS">Gestione IAS</value>
 </row>
 <row trl="Y" uuid="db9847a7-ae81-4b8f-ba51-b49f11bdf754">
  <value column="Name" original="Product category">Categoria prodotto</value>
 </row>
 <row trl="Y" uuid="bba83d51-1506-4f99-8f90-03c667bff781">
  <value column="Name" original="Upper Product Category">Categoria superiore</value>
 </row>
 <row trl="Y" uuid="dbcf3d62-60ee-419e-b691-e58e5e2822e7">
  <value column="Name" original="- Statistics Info">- Informazioni statistiche</value>
 </row>
 <row trl="Y" uuid="46d59074-736c-4499-ada8-953403bc70cc">
  <value column="Name" original="- Reference">- Riferimento</value>
 </row>
 <row trl="Y" uuid="725ee129-b664-4b60-a414-daae22984649">
  <value column="Name" original="- Default Value">- Valore default</value>
 </row>
 <row trl="Y" uuid="b12eb708-2f82-4126-b734-28d1d702e7f5">
  <value column="Name" original="- Nonbusiness Day Config">- Configurazione giorno non lavorativo</value>
 </row>
</idempiereTrl>
