<?xml version="1.0" encoding="UTF-8" standalone="no"?>
<!--iDempiere(r) Release 11_2023-12-24 -Smart Suite ERP, CRM and SCM- (c) 1999-2024 iDempiere(r); Implementation: iDempiere - Supported by iDempiere community--><!--<!DOCTYPE idempiereTrl PUBLIC "-//ComPiere, Inc.//DTD iDempiere Translation 1.0//EN" "http://www.idempiere.com/dtd/idempiereTrl.dtd">--><idempiereTrl language="it_IT" table="AD_Menu">
 <row id="100" trl="Y">
  <value column="Name" original="Invoice Inquiry">Report fattura di vendita</value>
  <value column="Description" original=""/>
 </row>
 <row id="153" trl="Y">
  <value column="Name" original="Application Dictionary">Dizionario dell'applicazione system</value>
  <value column="Description" original="Maintain Application Dictionary">Gestione del dizionario del applicativo</value>
 </row>
 <row id="155" trl="Y">
  <value column="Name" original="General Rules">Configurazione generale</value>
  <value column="Description" original=""/>
 </row>
 <row id="156" trl="Y">
  <value column="Name" original="Tenant Rules">Configura azienda</value>
  <value column="Description" original="Maintain Tenant Rules">Gestione delle regole dell'azienda</value>
 </row>
 <row id="157" trl="Y">
  <value column="Name" original="Data">Importa/esporta</value>
  <value column="Description" original="Maintain Data"/>
 </row>
 <row id="158" trl="Y">
  <value column="Name" original="Performance Measurement">Benchmark della performance</value>
  <value column="Description" original="">Benchmark della performance</value>
 </row>
 <row id="160" trl="Y">
  <value column="Name" original="Project Management">Gestione del progetto</value>
  <value column="Description" original=""/>
 </row>
 <row id="161" trl="Y">
  <value column="Name" original="System Rules">Configura regole del sistema</value>
  <value column="Description" original="General System Rules">Regole generali di sistema</value>
 </row>
 <row id="163" trl="Y">
  <value column="Name" original="Data Import">Importazione dato</value>
  <value column="Description" original="">Importazione dato</value>
 </row>
 <row id="164" trl="Y">
  <value column="Name" original="Accounting Rules">Setup contabilità</value>
  <value column="Description" original=""/>
 </row>
 <row id="165" trl="Y">
  <value column="Name" original="Setup Business Partner">Setup business partner</value>
  <value column="Description" original=""/>
 </row>
 <row id="166" trl="Y">
  <value column="Name" original="Quote-to-Invoice (Sales) ">Ciclo attivo</value>
  <value column="Description" original=""/>
 </row>
 <row id="167" trl="Y">
  <value column="Name" original="Material Management Rules">Setup  materiale</value>
  <value column="Description" original=""/>
 </row>
 <row id="175" trl="Y">
  <value column="Name" original="Organization Rules">Imposta organizzazione</value>
  <value column="Description" original=""/>
 </row>
 <row id="183" trl="Y">
  <value column="Name" original="Material Management and Pricing">Gestione materiale</value>
  <value column="Description" original=""/>
 </row>
 <row id="203" trl="Y">
  <value column="Name" original="Requisition-to-Invoice (Purchasing)">Ciclo Passivo</value>
  <value column="Description" original=""/>
 </row>
 <row id="218" trl="Y">
  <value column="Name" original="System Admin">Amministrazione del sistema</value>
  <value column="Description" original=""/>
 </row>
 <row id="236" trl="Y">
  <value column="Name" original="Open Items (Financial Movements and Aging)">Pagamento o incasso</value>
  <value column="Description" original=""/>
 </row>
 <row id="263" trl="Y">
  <value column="Name" original="Base Data">Anagrafica di base</value>
  <value column="Description" original="Partner, Product and other basic data">Clienti, fornitori, prodotti e altre anagrafiche di base</value>
 </row>
 <row id="271" trl="Y">
  <value column="Name" original="Resource">Risorsa</value>
  <value column="Description" original="Resource">Risorsa</value>
 </row>
 <row id="272" trl="Y">
  <value column="Name" original="Setup Sales and Marketing">Setup ciclo attivo</value>
  <value column="Description" original=""/>
 </row>
 <row id="278" trl="Y">
  <value column="Name" original="Performance Analysis and Accounting">Contabilità e controllo di gestione</value>
  <value column="Description" original=""/>
 </row>
 <row id="280" trl="Y">
  <value column="Name" original="Financial Reporting">Report contabile parametrico</value>
  <value column="Description" original="">Report contabile parametrico</value>
 </row>
 <row id="326" trl="Y">
  <value column="Name" original="Printing">Stampa</value>
  <value column="Description" original="Print Definition">Definizione stampa</value>
 </row>
 <row id="345" trl="Y">
  <value column="Name" original="Assets">Cespite</value>
  <value column="Description" original=""/>
 </row>
 <row id="357" trl="Y">
  <value column="Name" original="Product Attributes">Attributo prodotto</value>
  <value column="Description" original=""/>
 </row>
 <row id="367" trl="Y">
  <value column="Name" original="Security">Sicurezza</value>
  <value column="Description" original=""/>
 </row>
 <row id="372" trl="Y">
  <value column="Name" original="Web ***">Web ***</value>
  <value column="Description" original=""/>
 </row>
 <row id="392" trl="Y">
  <value column="Name" original="Knowledge Base ***">Conoscenza ***</value>
  <value column="Description" original=""/>
 </row>
 <row id="456" trl="Y">
  <value column="Name" original="Server">Server</value>
  <value column="Description" original="iDempiere Server Maintenance">Compiere Server Maintenance</value>
 </row>
 <row id="457" trl="Y">
  <value column="Name" original="Sales Orders">Offerta/ordine di vendita</value>
  <value column="Description" original=""/>
 </row>
 <row id="458" trl="Y">
  <value column="Name" original="Sales Invoices">Fattura di vendita</value>
  <value column="Description" original=""/>
 </row>
 <row id="459" trl="Y">
  <value column="Name" original="Shipments">Documento di trasporto (DDT)</value>
  <value column="Description" original=""/>
 </row>
 <row id="460" trl="Y">
  <value column="Name" original="Market Place ***">Gestione Mercati ***</value>
  <value column="Description" original="">*Gestione Mercati***</value>
 </row>
 <row id="501" trl="Y">
  <value column="Name" original="Workflow">Workflow</value>
  <value column="Description" original="iDempiere Workflow">Compiere Workflow</value>
 </row>
 <row id="522" trl="Y">
  <value column="Name" original="Costing">Gestione Costo</value>
  <value column="Description" original="">Gestione costo</value>
 </row>
 <row id="528" trl="Y">
  <value column="Name" original="Request">Richiesta/ticket</value>
  <value column="Description" original="">Richiesta</value>
 </row>
 <row id="566" trl="Y">
  <value column="Name" original="Collaboration">Collaborazione</value>
  <value column="Description" original="Collaboration and Content Management">Collaborazione</value>
 </row>
 <row id="50001" trl="Y">
  <value column="Name" original="Application Packaging">Installazione pacchetto (pack)</value>
  <value column="Description" original="Import and export packaging">Installazione pacchetto (pack)</value>
 </row>
 <row id="52001" trl="Y">
  <value column="Name" original="Web POS ***">Proprietà Web POS ***</value>
  <value column="Description" original="">Proprietà Web POS</value>
 </row>
 <row id="53014" trl="Y">
  <value column="Name" original="Manufacturing Management ***">Gestione Produzione ***</value>
  <value column="Description" original="Manufacturing">Gestione Produzione</value>
 </row>
 <row id="53016" trl="Y">
  <value column="Name" original="Engineering Management ***">Ingegneria Gestionale ***</value>
  <value column="Description" original="Engineering management involves the overall management of organizations with an orientation to manufacturing, engineering, technology or production.">Ingegneria gestionale prevede la gestione complessiva delle organizzazioni con un orientamento alla produzione, ingegneria, tecnologia o di produzione.</value>
 </row>
 <row id="53017" trl="Y">
  <value column="Name" original="Resource Manufacturing ***">Risorsa di produzione ***</value>
  <value column="Description" original="Resource Manufacturing">Risorsa di produzione</value>
 </row>
 <row id="53019" trl="Y">
  <value column="Name" original="Manufacturing Workflow ***">Ciclo di Produzione ***</value>
  <value column="Description" original="">Ciclo di Produzione</value>
 </row>
 <row id="53022" trl="Y">
  <value column="Name" original="Bill of Material and Formulas" xml:space="preserve"><![CDATA[Distinta Base & Formule ***]]></value>
  <value column="Description" original="Bill of Material and Formulas" xml:space="preserve"><![CDATA[Distinta Base & Formule]]></value>
 </row>
 <row id="53029" trl="Y">
  <value column="Name" original="Planning Management ***">Gestione della pianificazione ***</value>
  <value column="Description" original="Using Planning Management you answer the question: When and How Many products we must get?">Utilizzando la gestione della pianificazione si risponde alla domanda: quando e quanti prodotti dobbiamo ottenere?</value>
 </row>
 <row id="53031" trl="Y">
  <value column="Name" original="Product Planning ***">Pianificazione Prodotto ***</value>
  <value column="Description" original="Product Planning">Pianificazione Prodotto</value>
 </row>
 <row id="53034" trl="Y">
  <value column="Name" original="MRP ***">MRP ***</value>
  <value column="Description" original="Materials Requirements Planning">Materials Requirements Planning</value>
 </row>
 <row id="53043" trl="Y">
  <value column="Name" original="CRP ***">CRP ***</value>
  <value column="Description" original="Capacity Requirements Planning">Requisiti capacità di pianificazione</value>
 </row>
 <row id="53048" trl="Y">
  <value column="Name" original="DRP ***">DRP ***</value>
  <value column="Description" original="Distribution Resource Planning"> Pianificazione distribuzione risorsa</value>
 </row>
 <row id="53052" trl="Y">
  <value column="Name" original="Production Management ***">Gestione della Produzione ***</value>
  <value column="Description" original="Production Management">Gestione della Produzione</value>
 </row>
 <row id="53053" trl="Y">
  <value column="Name" original="Discreet Manufacturing ***">Discreto Produzione ***</value>
  <value column="Description" original="">Discreto Produzione</value>
 </row>
 <row id="53061" trl="Y">
  <value column="Name" original="Management Maintenance ***">Gestione Management ***</value>
  <value column="Description" original="Management Maintenance">Gestione Management</value>
 </row>
 <row id="53063" trl="Y">
  <value column="Name" original="Activity Control ***">Activity control ***</value>
  <value column="Description" original="Activity Control">Activity control</value>
 </row>
 <row id="53066" trl="Y">
  <value column="Name" original="Distribution Management ***">Gestione Distribuzione ***</value>
  <value column="Description" original="Distribution Resource Planning (DRP) is a method used in business administration for planning orders within a supply chain. ">Metodo utilizzato in economia aziendale per gli ordini di pianificazione all'interno di un catena di fornitura.</value>
 </row>
 <row id="53071" trl="Y">
  <value column="Name" original="Quality Management ***">Gestione Qualità ***</value>
  <value column="Description" original="Quality Management">Gestione Qualità</value>
 </row>
 <row id="53074" trl="Y">
  <value column="Name" original="Standard Costing Management ***">Gestione Costo Standard ***</value>
  <value column="Description" original="Standard Costing Management">Gestione Costo Standard</value>
 </row>
 <row id="53091" trl="Y">
  <value column="Name" original="Global Tax Management ***">Global Tax Management(X) ***</value>
  <value column="Description" original=""/>
 </row>
 <row id="53094" trl="Y">
  <value column="Name" original="Tax Definition">Definizione fiscale [DF00]</value>
  <value column="Description" original="Lets you define different tax combinations.">Consente di definire diverse combinazioni fiscali.</value>
 </row>
 <row id="53097" trl="Y">
  <value column="Name" original="Tax Base">Imposta di base [IMPB00]</value>
  <value column="Description" original="Defines tax base for a tax">Definizione imposta di base</value>
 </row>
 <row id="53098" trl="Y">
  <value column="Name" original="Replication Data">Replica dato</value>
  <value column="Description" original="">Replica dato</value>
 </row>
 <row id="53108" trl="Y">
  <value column="Name" original="Human Resource and Payroll">Risorsa umana e paga ***</value>
  <value column="Description" original="Human Resource and Payroll">Risorse umane e paghe</value>
 </row>
 <row id="53109" trl="Y">
  <value column="Name" original="Human Resource">Risorsa umana ***</value>
  <value column="Description" original="">Risorsa umana</value>
 </row>
 <row id="53114" trl="Y">
  <value column="Name" original="Payroll ***">Paghe ***</value>
  <value column="Description" original="">Paghe</value>
 </row>
 <row id="53123" trl="Y">
  <value column="Name" original="Payroll Action Notice***">Notifica azione paghe [NOP00]</value>
  <value column="Description" original="Payroll Action Notice let entry the events that happend with any Employee">Notifica azione paghe [NOP00]</value>
 </row>
 <row id="53133" trl="Y">
  <value column="Name" original="Customer Service">Gestione cespite clienti</value>
  <value column="Description" original="Customer Related Assets">Gestione cespite clienti</value>
 </row>
 <row id="53136" trl="Y">
  <value column="Name" original="Asset Revaluation ***">Rivalutazione cespite ***</value>
  <value column="Description" original="Process Asset Revaluations">Rivalutazione cespite</value>
 </row>
 <row id="53139" trl="Y">
  <value column="Name" original="Asset Transactions ">Trasferimento, suddivisione e cessione cespite</value>
  <value column="Description" original="Asset Transactions (Addition, Disposal, Split &amp; Transfer)">Trasferimento, suddivisione e cessione cespite</value>
 </row>
 <row id="53149" trl="Y">
  <value column="Name" original="Depreciation Processing">Ammortamento</value>
  <value column="Description" original="Applications to Process Fixed Assets to the GL">Ammortamento</value>
 </row>
 <row id="53155" trl="Y">
  <value column="Name" original="Reporting">Report cespite</value>
  <value column="Description" original="Reporting for fixed assets">Report cespite</value>
 </row>
 <row id="53171" trl="Y">
  <value column="Name" original="Depreciation Setup">Setup ammortamento cespite</value>
  <value column="Description" original="Applications to setup and maintain depreciation">Setup ammortamento cespite</value>
 </row>
 <row id="53180" trl="Y">
  <value column="Name" original="Forecast Management ***">Previsione di Gestione ***</value>
  <value column="Description" original="">Previsione di Gestione</value>
 </row>
 <row id="53242" trl="Y">
  <value column="Name" original="Vendors Returns">Reso merce a fornitore</value>
  <value column="Description" original="">Resi</value>
 </row>
 <row id="53247" trl="Y">
  <value column="Name" original="EDI">EDI ***</value>
  <value column="Description" original="">EDI</value>
 </row>
 <row id="53296" trl="Y">
  <value column="Name" original="Manufacturing">Produzione</value>
  <value column="Description" original="">Produzione</value>
 </row>
 <row id="53363" trl="Y">
  <value column="Name" original="CRM">CRM</value>
  <value column="Description" original="">Gestione vendite</value>
 </row>
 <row id="200178" trl="Y">
  <value column="Name" original="External Authorization">Autorizzazione esterna</value>
  <value column="Description" original=""/>
 </row>
 <row id="200184" trl="Y">
  <value column="Name" original="Multi Factor Authentication">Autenticazione a più fattori</value>
  <value column="Description" original=""/>
 </row>
 <row id="200213" trl="Y">
  <value column="Name" original="SSO Configuration">Configurazione single sign-on [CAS00]</value>
  <value column="Description" original="Single sign-on Configuration">Configurazione single sign-on</value>
 </row>
 <row id="200227" trl="Y">
  <value column="Name" original="Model Generator Template">Crea modello standard [CMS00]</value>
  <value column="Description" original="">Crea modello standard [CMS00]</value>
 </row>
 <row id="200228" trl="Y">
  <value column="Name" original="Generate Model">Crea modello [CMOD00]</value>
  <value column="Description" original="">Crea modello [CMOD00]</value>
 </row>
 <row id="200230" trl="Y">
  <value column="Name" original="Create/Update Table Partition">Crea/aggiorna partizione tabella [CAPT00]</value>
  <value column="Description" original="Process which create or update table partitions for partitioned tables">Processo che crea o aggiorna le partizioni di una tabella</value>
 </row>
 <row trl="Y" uuid="c0793d56-4eb9-4b91-99f9-dd5d2a45c909">
  <value column="Name" original="Setup Note Spesa">Setup nota spesa</value>
  <value column="Description" original=""/>
 </row>
 <row trl="Y" uuid="ef96b864-ca97-443d-8126-11ab0ace7756">
  <value column="Name" original="Setup CRM">Setup CRM</value>
  <value column="Description" original=""/>
 </row>
 <row trl="Y" uuid="8f72df6f-9411-4ff7-aaff-8e467e6cc17d">
  <value column="Name" original="Fattura Fornitore">Fattura di acquisto</value>
  <value column="Description" original=""/>
 </row>
 <row trl="Y" uuid="6650766e-7345-4bb3-9b63-f854537222b4">
  <value column="Name" original="Sales Rep">Agente</value>
  <value column="Description" original=""/>
 </row>
 <row trl="Y" uuid="2132484b-fd9a-4da2-b904-f272d72bdf21">
  <value column="Name" original="Distinte Base">Distinta base</value>
  <value column="Description" original=""/>
 </row>
 <row trl="Y" uuid="c759f4c4-8e25-4886-93cd-de43c1d60f76">
  <value column="Name" original="Inventario">Inventario</value>
  <value column="Description" original=""/>
 </row>
 <row trl="Y" uuid="bda3582a-996c-4cf4-bc2e-7fb7f8f5ecb7">
  <value column="Name" original="Report Inventario">Report inventario</value>
  <value column="Description" original=""/>
 </row>
 <row trl="Y" uuid="5b3a7587-e63e-45e4-a1ef-7b900994acda">
  <value column="Name" original="Cost">Costo</value>
  <value column="Description" original="">Costo</value>
 </row>
 <row trl="Y" uuid="099d14b8-f398-41aa-b515-f9210b4253cd">
  <value column="Name" original="Setup Project">Setup progetto</value>
  <value column="Description" original=""/>
 </row>
 <row trl="Y" uuid="541524a1-db0f-49ad-94f7-3ce5ba4e51f6">
  <value column="Name" original="Report and View">Report progetto</value>
  <value column="Description" original=""/>
 </row>
 <row trl="Y" uuid="4cb5e4c5-5678-4188-b3f6-d63eb428be01">
  <value column="Name" original="Ordine di Acquisto">Ordine di acquisto</value>
  <value column="Description" original=""/>
 </row>
 <row trl="Y" uuid="5fbcbb15-cf65-4f2e-8251-b4b45957b774">
  <value column="Name" original="Materiali">Materiale</value>
  <value column="Description" original="">Materiale</value>
 </row>
 <row trl="Y" uuid="2600b41d-c48b-4f0f-9b31-c4b8dc87ee88">
  <value column="Name" original="Report Transazioni Magazzino">Report transazioni magazzino</value>
  <value column="Description" original=""/>
 </row>
 <row trl="Y" uuid="8ba71364-6e72-4222-af5e-17f03ab5c5a5">
  <value column="Name" original="Project">Progetto</value>
  <value column="Description" original="">Progetto</value>
 </row>
 <row trl="Y" uuid="8aff851b-a5eb-42ae-966e-189804a6abb4">
  <value column="Name" original="Setup Request for Quotation">Setup richiesta di quotazione</value>
  <value column="Description" original=""/>
 </row>
 <row trl="Y" uuid="5f073139-60cf-4da4-9a36-882b495d0b3b">
  <value column="Name" original="Magazzino">Magazzino</value>
  <value column="Description" original=""/>
 </row>
 <row trl="Y" uuid="e722301b-3908-40e5-aff5-5eed6a0eb92f">
  <value column="Name" original="Price List">Listino prezzo</value>
  <value column="Description" original=""/>
 </row>
 <row trl="Y" uuid="644ed326-0a27-469d-91bc-003f2af55b9f">
  <value column="Name" original="Commission">Provvigione</value>
  <value column="Description" original=""/>
 </row>
 <row trl="Y" uuid="ea2911e6-4a85-4fa0-a0c5-a7b353b245ce">
  <value column="Name" original="Request for Quotation">Richiesta di quotazione fornitore</value>
  <value column="Description" original=""/>
 </row>
 <row trl="Y" uuid="4da8a42c-bfc2-475f-9847-448719fa6c1a">
  <value column="Name" original="Customer Return">Reso merce da cliente</value>
  <value column="Description" original=""/>
 </row>
 <row trl="Y" uuid="84739a66-e799-4426-ade5-6da0a181c06c">
  <value column="Name" original="Contabilità">Contabilità</value>
  <value column="Description" original=""/>
 </row>
 <row trl="Y" uuid="5649941d-25a2-4e44-85df-3ac961fb4896">
  <value column="Name" original="Accounting Report">Report contabilità</value>
  <value column="Description" original=""/>
 </row>
 <row trl="Y" uuid="f2232fcf-ea74-4f8b-83b9-9d14ad8e6f95">
  <value column="Name" original="Setup Email">Setup email</value>
  <value column="Description" original=""/>
 </row>
 <row trl="Y" uuid="693166f7-2816-4bcc-b40a-d4373aaec268">
  <value column="Name" original="Business Partner">Business partner</value>
  <value column="Description" original=""/>
 </row>
 <row trl="Y" uuid="00e24880-dd89-4a29-8a8b-962ee268dbbc">
  <value column="Name" original="Setup Produzione light">Setup produzione light</value>
  <value column="Description" original="">Setup produzione light</value>
 </row>
 <row trl="Y" uuid="aa5b74fa-731a-499f-9072-a9e22fed8d38">
  <value column="Name" original="Report Distinta Base">Report distinta base</value>
  <value column="Description" original=""/>
 </row>
 <row trl="Y" uuid="40089766-bc6f-4882-80c4-df9cc3ed8675">
  <value column="Name" original="Entrata Merci">Entrata merce</value>
  <value column="Description" original=""/>
 </row>
 <row trl="Y" uuid="07b6751f-ab5a-4020-83d9-558f5d86498f">
  <value column="Name" original="Setup User and Role">Setup utente e ruolo [STUR00]</value>
  <value column="Description" original="">Setup utente e ruolo [STUR00]</value>
 </row>
 <row trl="Y" uuid="8b480d90-20ba-4949-ae56-b23183744a42">
  <value column="Name" original="User">Utente</value>
  <value column="Description" original=""/>
 </row>
 <row trl="Y" uuid="98fba580-22b4-4399-b2bd-6f0056f58370">
  <value column="Name" original="Report Pagamento Incassi">Report pagamento o incasso</value>
  <value column="Description" original=""/>
 </row>
 <row trl="Y" uuid="8aa018cd-e916-49c1-b718-f1ca11fd5318">
  <value column="Name" original="Report  Offerta / Ord. di Vendita">Report offerta/ordine di vendita</value>
  <value column="Description" original=""/>
 </row>
 <row trl="Y" uuid="4a7025d0-94c6-48b0-b32b-9c8245664c8b">
  <value column="Name" original="POS">POS</value>
  <value column="Description" original=""/>
 </row>
 <row trl="Y" uuid="e9399648-43fd-40c6-aba5-efc5643d23d8">
  <value column="Name" original="Solleciti">Sollecito</value>
  <value column="Description" original=""/>
 </row>
 <row trl="Y" uuid="dc5ee546-da1c-4608-a122-341a1e42886f">
  <value column="Name" original="Banca / Cassa">Cassa e banca</value>
  <value column="Description" original=""/>
 </row>
 <row trl="Y" uuid="dfa439c4-ff02-4c4a-8ffc-7947742a0901">
  <value column="Name" original="Cash Flow">Cash flow</value>
  <value column="Description" original=""/>
 </row>
 <row trl="Y" uuid="3720b4e7-e7b0-446d-bf0d-939b499b6b2a">
  <value column="Name" original="Setup Report ">Setup report</value>
  <value column="Description" original=""/>
 </row>
 <row trl="Y" uuid="bfee372e-f70b-4326-b84b-7a69aaae8916">
  <value column="Name" original="Alert">Avviso</value>
  <value column="Description" original=""/>
 </row>
 <row trl="Y" uuid="7d09b3ee-5a7e-4529-869c-2b513e87ac7b">
  <value column="Name" original="Setup Benchmark">Setup benchmark</value>
  <value column="Description" original=""/>
 </row>
 <row trl="Y" uuid="b45186d8-f4f9-4501-85e9-e155017be4f5">
  <value column="Name" original="Report Spedizione">Report documento di trasporto (DDT)</value>
  <value column="Description" original=""/>
 </row>
 <row trl="Y" uuid="797982ae-9ac8-4bc5-95b4-3173518311f3">
  <value column="Name" original="Bank / Cash ">Cassa e banca</value>
  <value column="Description" original=""/>
 </row>
 <row trl="Y" uuid="eebc47bb-07f1-4ba7-aa7c-099f0c134c55">
  <value column="Name" original="WorkBench">Scrivania</value>
  <value column="Description" original=""/>
 </row>
 <row trl="Y" uuid="0a5857d8-c5f4-401c-bd44-060a032f3773">
  <value column="Name" original="Archive Document">Archivio allegati</value>
  <value column="Description" original=""/>
 </row>
 <row trl="Y" uuid="842c6766-6e6e-45b4-9c80-2c2fb0e5a115">
  <value column="Name" original="Email">Email</value>
  <value column="Description" original=""/>
 </row>
 <row trl="Y" uuid="438aa282-fa4b-4c44-a241-231a098b8315">
  <value column="Name" original="Utility">Utilità</value>
  <value column="Description" original=""/>
 </row>
 <row trl="Y" uuid="49987b72-f3aa-4e8a-ae01-d50295ffbf0d">
  <value column="Name" original="Setup Client and Organization">Setup client e organizzazione</value>
  <value column="Description" original=""/>
 </row>
 <row trl="Y" uuid="206b52cf-ad24-4978-9ba1-dd80d6506c04">
  <value column="Name" original="Azienda / Client and Organization">Azienda/client/organizzazione magazzino</value>
  <value column="Description" original=""/>
 </row>
 <row trl="Y" uuid="525dfb15-888c-4f62-b097-0940f87b61c8">
  <value column="Name" original="Setup Reso">Setup reso</value>
  <value column="Description" original=""/>
 </row>
 <row trl="Y" uuid="3667a0dc-10e6-49e0-9221-584aa8395057">
  <value column="Name" original="Setup Reso">Setup reso</value>
  <value column="Description" original=""/>
 </row>
 <row trl="Y" uuid="cfcfba95-f6de-4a5a-a85d-7e89aa9a859d">
  <value column="Name" original="Setup Resource">Setup risorsa</value>
  <value column="Description" original=""/>
 </row>
 <row trl="Y" uuid="395d522a-6017-4871-8e4f-f6f452bec2a7">
  <value column="Name" original="Expensive">Nota spesa</value>
  <value column="Description" original=""/>
 </row>
 <row trl="Y" uuid="c8f77914-28dc-4a52-95f7-08dabd8ab4a9">
  <value column="Name" original="Request ***">Request ***</value>
  <value column="Description" original=""/>
 </row>
 <row trl="Y" uuid="8605ae55-318b-4db0-8dad-b26695c15387">
  <value column="Name" original="Setup Request">Setup richiesta/ticket</value>
  <value column="Description" original="">Setup richiesta/ticket</value>
 </row>
 <row trl="Y" uuid="72dde284-6fda-4ca0-8c25-1afb6e2e5fa8">
  <value column="Name" original="Conferme Magazzino e Report">Conferme magazzino e report</value>
  <value column="Description" original=""/>
 </row>
 <row trl="Y" uuid="ff2aa5d0-8ea8-4723-9c3b-2213c1ca4e4d">
  <value column="Name" original="Report Rich. di Quot.Fornitore">Report richiesta di quotazione fornitore</value>
  <value column="Description" original=""/>
 </row>
 <row trl="Y" uuid="a18acb98-2108-4004-b6ae-b5d794e14e96">
  <value column="Name" original="Colombia Localization">Gestione ritenuta</value>
  <value column="Description" original=""/>
 </row>
 <row trl="Y" uuid="15b4307e-555b-4e93-a48f-7132edfd324c">
  <value column="Name" original="Withholdings">Ritenuta</value>
  <value column="Description" original=""/>
 </row>
 <row trl="Y" uuid="0c5c0357-40a1-4063-bdc1-5cbe85a9e6b5">
  <value column="Name" original="Resource Assignment">Rilevamento ore</value>
  <value column="Description" original="">Rilevamento ore</value>
 </row>
 <row trl="Y" uuid="0b0c411a-5d6a-461f-b021-413261f836e2">
  <value column="Name" original="Setup Resource Attendance">Setup risorsa</value>
  <value column="Description" original=""/>
 </row>
 <row trl="Y" uuid="427157d8-f806-4299-b183-43cacc32a326">
  <value column="Name" original="Resource [RIS00]">Risorsa [RIS00]</value>
  <value column="Description" original="Maintain Resources - #RESATT#D">Maintain Resources - #RESATT#D</value>
 </row>
 <row trl="Y" uuid="ed91a0a4-b2f3-4dea-9120-510abe63e263">
  <value column="Name" original="Resource Type [TDR00]">Tipo risorsa [TDR00]</value>
  <value column="Description" original="Maintain Resource Types">Gestione tipi risorsa</value>
 </row>
 <row trl="Y" uuid="3ca036d6-1780-4175-88fe-5d1194b29804">
  <value column="Name" original="Resource Assignment">Rilevamento ore</value>
  <value column="Description" original=""/>
 </row>
 <row trl="Y" uuid="485c11bf-db69-49e4-9c37-6681860f54ea">
  <value column="Name" original="Time Sheet">Foglio ore</value>
  <value column="Description" original=""/>
 </row>
 <row trl="Y" uuid="52fe5fb5-e0a5-4222-856f-42ad7cfa73a1">
  <value column="Name" original="Report &amp; View">Report e visualizzazioni</value>
  <value column="Description" original=""/>
 </row>
 <row trl="Y" uuid="5266f61e-0a79-4989-bbb7-b8cdda935871">
  <value column="Name" original="Italian System config">Configurazione avanzata</value>
  <value column="Description" original="Italian System config">Localizzazione italiana</value>
 </row>
 <row trl="Y" uuid="f4da8990-e65d-4440-a979-403b6ea5cc76">
  <value column="Name" original="National ID Number Control [CCF14]">Controllo codice fiscale [CCF14]</value>
  <value column="Description" original="National ID Number Control [CCF14]">Controllo codice fiscale [CCF14]</value>
 </row>
 <row trl="Y" uuid="15a89b07-6f2a-4b5c-8c3b-2d5ce20368ac">
  <value column="Name" original="Control VAT Number [CPI14]">Controllo e/o aggiornamento P.IVA [CPI14]</value>
  <value column="Description" original=""/>
 </row>
 <row trl="Y" uuid="6e187148-5dfb-43dd-ae6e-4647d7f2cb65">
  <value column="Name" original="Report Business Partner">Report business partner</value>
  <value column="Description" original="Reportistica">Report business partner</value>
 </row>
 <row trl="Y" uuid="1b101669-c13c-4e69-9996-33b8b7b590c2">
  <value column="Name" original="Accounting Reports ***">Report contabilità ***</value>
  <value column="Description" original="">Report contabilità</value>
 </row>
 <row trl="Y" uuid="978d64de-0158-44d3-80e1-c007c9227bde">
  <value column="Name" original="VAT Management, Intrastat &amp; Fiscal File" xml:space="preserve"><![CDATA[Gestione IVA, Intrastat & file fiscali]]></value>
  <value column="Description" original="VAT Management" xml:space="preserve"><![CDATA[Gestione IVA, Intrastat & file fiscali]]></value>
 </row>
 <row trl="Y" uuid="ff6c3581-ec48-4bd5-aea8-b8dded53f843">
  <value column="Name" original="Report Magazzino">Report prodotto</value>
  <value column="Description" original=""/>
 </row>
 <row trl="Y" uuid="8b0577c1-8d02-408b-85bf-23a447dea874">
  <value column="Name" original="Report Partite Aperte">Report partita aperta</value>
  <value column="Description" original="">Report partita aperta</value>
 </row>
 <row trl="Y" uuid="02fbb1e5-6a6d-46a8-b6ca-0b693051db80">
  <value column="Name" original="Contracts">Contratto di vendita</value>
  <value column="Description" original="Contracts">Contratto di vendita</value>
 </row>
 <row trl="Y" uuid="c772ca78-5ba2-449a-a09e-00cac7cfe3aa">
  <value column="Name" original="Restore DB Idempiere Test">Ripristina macchina di test</value>
  <value column="Description" original=""/>
 </row>
 <row trl="Y" uuid="4a45d5f4-e136-44a3-a8fb-9bd0d41f866d">
  <value column="Name" original="VAT Management">Gestione IVA</value>
  <value column="Description" original="VAT Management">Gestione IVA</value>
 </row>
 <row trl="Y" uuid="5897a055-4e92-4e3f-a1b8-d495da1ca956">
  <value column="Name" original="Intrastat &amp; Fiscal File" xml:space="preserve"><![CDATA[Intrastat & file fiscali]]></value>
  <value column="Description" original=""/>
 </row>
 <row trl="Y" uuid="0562d986-04db-4728-8fff-2beb8c235af5">
  <value column="Name" original="Subcontracting Sales Order">Ordine di conto lavoro attivo</value>
  <value column="Description" original="Subcontracting Sales Order">Ordine di conto lavoro attivo</value>
 </row>
 <row trl="Y" uuid="f967ac4d-8b80-482f-82ea-bfbf42f4ec35">
  <value column="Name" original="Measurements">Misura</value>
  <value column="Description" original="">Misura</value>
 </row>
 <row trl="Y" uuid="96350f17-2987-46ae-a6ef-ab9dbe082351">
  <value column="Name" original="Post it">Post it</value>
  <value column="Description" original=""/>
 </row>
 <row trl="Y" uuid="84388b3b-8964-4252-85a3-f8d537df0a2a">
  <value column="Name" original="Report Price List">Report listino prezzo</value>
  <value column="Description" original=""/>
 </row>
 <row trl="Y" uuid="65d61261-d440-458e-819f-d60ed382c9e5">
  <value column="Name" original="Report Withholding">Report ritenuta</value>
  <value column="Description" original=""/>
 </row>
 <row trl="Y" uuid="5ac03484-f44e-4a54-b1d0-e0dfaf9cf365">
  <value column="Name" original="Quality Management">Gestione qualità</value>
  <value column="Description" original=""/>
 </row>
 <row trl="Y" uuid="ff38e25a-6b18-4987-bbdb-d45aa7b03aa5">
  <value column="Name" original="Setup Plugin ***">Setup plugin ***</value>
  <value column="Description" original="Setup Plugin">Setup plugin</value>
 </row>
 <row trl="Y" uuid="1d083342-85a3-45d4-9174-cc1488904851">
  <value column="Name" original="Workbench Utility">Utilità Scrivania</value>
  <value column="Description" original="Utilità Scrivania">Utilità Scrivania</value>
 </row>
 <row trl="Y" uuid="8c9737c5-bdd5-490f-9aeb-aabd2eb296b7">
  <value column="Name" original="Contracts">Contratto di acquisto</value>
  <value column="Description" original="Contracts">Contratto di acquisto</value>
 </row>
 <row trl="Y" uuid="9b7eaadd-67eb-474a-aeeb-a34fe6014202">
  <value column="Name" original="Report Entrata Merci">Report entrata merci</value>
  <value column="Description" original=""/>
 </row>
 <row trl="Y" uuid="7843febb-f207-433f-88a1-1a2c384e55d5">
  <value column="Name" original="Report Fattura Fornitore">Report fattura fornitore</value>
  <value column="Description" original=""/>
 </row>
 <row trl="Y" uuid="b5a4280f-e1d5-4c99-9c6e-f80d7d2a1e35">
  <value column="Name" original="Report Magazzino">Report magazzino</value>
  <value column="Description" original=""/>
 </row>
 <row trl="Y" uuid="4140b8bd-e58f-436e-83e1-e588653b8515">
  <value column="Name" original="Manufacturing Management ***">Gestione della Produzione ***</value>
  <value column="Description" original="Manufacturing">Gestione della Produzione</value>
 </row>
 <row trl="Y" uuid="50d90c36-5b92-45e5-af13-b6c5bd822003">
  <value column="Name" original="Setup Produzione ***">Setup Produzione ***</value>
  <value column="Description" original="Engineering management involves the overall management of organizations with an orientation to manufacturing, engineering, technology or production.">Engineering management involves the overall management of organizations with an orientation to manufacturing, engineering, technology or production.</value>
 </row>
 <row trl="Y" uuid="890df409-c5d2-40b2-b869-862ae1f6c798">
  <value column="Name" original="Gestione Pagamento Incasso">Gestione pagamento incasso</value>
  <value column="Description" original=""/>
 </row>
 <row trl="Y" uuid="50ab8248-2a42-4064-a784-7ae710804199">
  <value column="Name" original="Setup VAT-Intrastat-Tax Management">Setup IVA-Intrastat-Imposta</value>
  <value column="Description" original="VAT Management">Setup IVA-Intrastat-Imposta</value>
 </row>
 <row trl="Y" uuid="b4cb1844-c9b1-4a7d-a7ce-4cbb8a860bd8">
  <value column="Name" original="Rateo e Risconto">Rateo e risconto</value>
  <value column="Description" original=""/>
 </row>
 <row trl="Y" uuid="7b4e39f0-0d56-475c-884f-b0a85b6a591b">
  <value column="Name" original="Configurazione System">Configurazione da sistema</value>
  <value column="Description" original=""/>
 </row>
 <row trl="Y" uuid="e6e67d31-0b1b-4c8a-8c11-d576bfc3b8af">
  <value column="Name" original="Utility System">Utilità di sistema</value>
  <value column="Description" original=""/>
 </row>
 <row trl="Y" uuid="6b4da3df-6383-4b56-b9e3-b20349431a03">
  <value column="Name" original="Application Dictionary Client">Personalizza maschere e ambiente</value>
  <value column="Description" original="Maintain Application Dictionary">Personalizza maschere e ambiente</value>
 </row>
 <row trl="Y" uuid="a92c3261-301e-47bf-bc50-cd7d9ab2bd9d">
  <value column="Name" original="Tenat Maintain Utility">Utilità client</value>
  <value column="Description" original="Tenat Maintain Utility">Utilità client</value>
 </row>
 <row trl="Y" uuid="8643a8a3-b9d7-4d5c-9e4e-c0385fe9abd6">
  <value column="Name" original="Provider Attachment">Provider allegato</value>
  <value column="Description" original="Tenat Maintain Utility">Provider allegato</value>
 </row>
 <row trl="Y" uuid="98c19add-f3c9-4731-ad29-db985f60a4db">
  <value column="Name" original="Vat Report">Report IVA</value>
  <value column="Description" original="Vat Report">Vat Report</value>
 </row>
 <row trl="Y" uuid="5416de6f-3209-424a-ac58-2527b142b5e7">
  <value column="Name" original="Costing Report">Report costo</value>
  <value column="Description" original=""/>
 </row>
 <row trl="Y" uuid="2ee397db-23de-4605-b684-aa7dd6ec1509">
  <value column="Name" original="ManufacturingGestione della Produzione">Gestione della Produzione</value>
  <value column="Description" original=""/>
 </row>
 <row trl="Y" uuid="0fae7cb5-50cb-4529-a988-bd20968ab545">
  <value column="Name" original="Gestione della Produzione">Gestione della produzione</value>
  <value column="Description" original=""/>
 </row>
 <row trl="Y" uuid="e47e3371-ed0e-4427-9359-c5fba920dab9">
  <value column="Name" original="Daily Banking">Banca controllo riconciliazione [BCR00]</value>
  <value column="Description" original=""/>
 </row>
 <row trl="Y" uuid="96682210-d668-4b1b-ab54-82f2d86664ca">
  <value column="Name" original="Calendario">Calendario</value>
  <value column="Description" original=""/>
 </row>
 <row trl="Y" uuid="9b51d8a4-3e73-4da5-a5fe-f1943c1de155">
  <value column="Name" original="REST API">REST API</value>
  <value column="Description" original=""/>
 </row>
 <row trl="Y" uuid="f5a75d7e-e0af-42ac-9220-7e3b2cab1460">
  <value column="Name" original="Logistic">Logistica</value>
  <value column="Description" original=""/>
 </row>
 <row trl="Y" uuid="d7304b46-b39e-4cbd-8929-1c775799331e">
  <value column="Name" original="Report Inventory Product Journal [RP.733]">Report partitario di magazzino [RP.733]</value>
  <value column="Description" original="Report Inventory Product Journal [RP.733]">Report partitario di magazzino [RP.733]</value>
 </row>
</idempiereTrl>
