<?xml version="1.0" encoding="UTF-8" standalone="no"?>
<!--iDempiere(r) Release 11_2023-12-24 -Smart Suite ERP, CRM and SCM- (c) 1999-2024 iDempiere(r); Implementation: iDempiere - Supported by iDempiere community--><!--<!DOCTYPE idempiereTrl PUBLIC "-//ComPiere, Inc.//DTD iDempiere Translation 1.0//EN" "http://www.idempiere.com/dtd/idempiereTrl.dtd">--><idempiereTrl language="it_IT" table="AD_PrintFormat">
 <row id="100" trl="Y">
  <value column="Name" original="Order_Header  ** TEMPLATE **">Ordine_Intestazione  ** TEMPLATE **</value>
  <value column="Description" original="Standard Order Header">Ordine standard intestazione</value>
  <value column="FileNamePattern" original=""/>
  <value column="ParameterValue" original=""/>
 </row>
 <row id="101" trl="Y">
  <value column="Name" original="Order_LineTax  ** TEMPLATE **">Ordine_RigaImposta  ** TEMPLATE **</value>
  <value column="Description" original="Standard Order Line&amp;Tax" xml:space="preserve"><![CDATA[Ordine standard riga & imposta]]></value>
  <value column="FileNamePattern" original=""/>
  <value column="ParameterValue" original=""/>
 </row>
 <row id="102" trl="Y">
  <value column="Name" original="Invoice_Header  ** TEMPLATE **">Fattura_Intestazione  ** TEMPLATE **</value>
  <value column="Description" original="Standard Invoice Header">Fattura standard intestazione</value>
  <value column="FileNamePattern" original=""/>
  <value column="ParameterValue" original=""/>
 </row>
 <row id="103" trl="Y">
  <value column="Name" original="Invoice_LineTax  ** TEMPLATE **">Fattura_RigaImposta  ** TEMPLATE **</value>
  <value column="Description" original="Standard Invoice Line&amp;Tax Lines" xml:space="preserve"><![CDATA[Fattura standard riga & righe imposta]]></value>
  <value column="FileNamePattern" original=""/>
  <value column="ParameterValue" original=""/>
 </row>
 <row id="104" trl="Y">
  <value column="Name" original="InOut_Header ** TEMPLATE **">Spedizione_Intestazione ** TEMPLATE **</value>
  <value column="Description" original="Standard Shipment Header">Spedizione standard intestazione</value>
  <value column="FileNamePattern" original=""/>
  <value column="ParameterValue" original=""/>
 </row>
 <row id="105" trl="Y">
  <value column="Name" original="InOut_Line  ** TEMPLATE **">Spedizione_Riga  ** TEMPLATE **</value>
  <value column="Description" original="Standard Shipment Lines">Spedizione standard righe</value>
  <value column="FileNamePattern" original=""/>
  <value column="ParameterValue" original=""/>
 </row>
 <row id="106" trl="Y">
  <value column="Name" original="PaySelection_Check  ** TEMPLATE **">SelezionePagamento_Assegno  ** TEMPLATE **</value>
  <value column="Description" original="Standard Check with Remittance Info">Assegno standard con informazioni sulla rimessa</value>
  <value column="FileNamePattern" original=""/>
  <value column="ParameterValue" original=""/>
 </row>
 <row id="107" trl="Y">
  <value column="Name" original="PaySelection_Remittance_Lines  ** TEMPLATE **">SelezionePagamento_Assegno_RigheRimessa  ** TEMPLATE **</value>
  <value column="Description" original="Standard Check/Remittance Lines">Assegno standard/righe emissione</value>
  <value column="FileNamePattern" original=""/>
  <value column="ParameterValue" original=""/>
 </row>
 <row id="108" trl="Y">
  <value column="Name" original="PaySelection_Remittance  ** TEMPLATE **">SelezionePagamento_Rimessa  ** TEMPLATE **</value>
  <value column="Description" original="Standard Remittance Header">Rimessa standard intestazione</value>
  <value column="FileNamePattern" original=""/>
  <value column="ParameterValue" original=""/>
 </row>
 <row id="134" trl="Y">
  <value column="Name" original="Statement of Accounts">Piano dei conti</value>
  <value column="Description" original="Statement of Accounts">Piano dei conti</value>
  <value column="FileNamePattern" original=""/>
  <value column="ParameterValue" original=""/>
 </row>
 <row id="139" trl="Y">
  <value column="Name" original="Project_Header ** TEMPLATE **">Progetto_Intestazione ** TEMPLATE **</value>
  <value column="Description" original="Standard Project">Progetto standard</value>
  <value column="FileNamePattern" original=""/>
  <value column="ParameterValue" original=""/>
 </row>
 <row id="140" trl="Y">
  <value column="Name" original="Project_Details ** TEMPLATE **">Progetto_Dettagli ** TEMPLATE **</value>
  <value column="Description" original="Standard Project Detail">Dettagli progetto standard</value>
  <value column="FileNamePattern" original=""/>
  <value column="ParameterValue" original=""/>
 </row>
 <row id="142" trl="Y">
  <value column="Name" original="Test Report">Report test</value>
  <value column="Description" original=""/>
  <value column="FileNamePattern" original=""/>
  <value column="ParameterValue" original=""/>
 </row>
 <row id="143" trl="Y">
  <value column="Name" original="Test Form">Form test</value>
  <value column="Description" original=""/>
  <value column="FileNamePattern" original=""/>
  <value column="ParameterValue" original=""/>
 </row>
 <row id="148" trl="Y">
  <value column="Name" original="RfQResponseLine ** TEMPLATE **">RigaRispostaRdQ ** TEMPLATE **</value>
  <value column="Description" original="Standard RfQ Response Line">Riga risposta RdQ standard</value>
  <value column="FileNamePattern" original=""/>
  <value column="ParameterValue" original=""/>
 </row>
 <row id="149" trl="Y">
  <value column="Name" original="RfQResponse ** TEMPLATE **">RispostaRdQ ** TEMPLATE **</value>
  <value column="Description" original="Standard RfQ Response">Risposta RdQ standard</value>
  <value column="FileNamePattern" original=""/>
  <value column="ParameterValue" original=""/>
 </row>
 <row id="151" trl="Y">
  <value column="Name" original="Dunning_Header ** TEMPLATE **">Sollecito_Intestazione ** TEMPLATE **</value>
  <value column="Description" original="Standard Dunning Letter">Lettera di sollecito standard</value>
  <value column="FileNamePattern" original=""/>
  <value column="ParameterValue" original=""/>
 </row>
 <row id="152" trl="Y">
  <value column="Name" original="Dunning_Line ** TEMPLATE **">Riga_Sollecito ** TEMPLATE **</value>
  <value column="Description" original="Standard Dunning Letter Lines">Righe lettera di sollecito standard</value>
  <value column="FileNamePattern" original=""/>
  <value column="ParameterValue" original=""/>
 </row>
 <row id="153" trl="Y">
  <value column="Name" original="Inventory Move Hdr (Example)">Movimento inventario hdr (esempio)</value>
  <value column="Description" original="Example">Esempio</value>
  <value column="FileNamePattern" original=""/>
  <value column="ParameterValue" original=""/>
 </row>
 <row id="154" trl="Y">
  <value column="Name" original="Inventory Move Line (Example)">Riga movimento inventario (esempio)</value>
  <value column="Description" original="Example">Esempio</value>
  <value column="FileNamePattern" original=""/>
  <value column="ParameterValue" original=""/>
 </row>
 <row id="155" trl="Y">
  <value column="Name" original="Inventory Physical Line (Example)">Riga inventario fisico (esempio)</value>
  <value column="Description" original="Example">Esempio</value>
  <value column="FileNamePattern" original=""/>
  <value column="ParameterValue" original=""/>
 </row>
 <row id="156" trl="Y">
  <value column="Name" original="Inventory Physical Hdr (Example)">Inventario fisico hdr (esempio)</value>
  <value column="Description" original="Example">Esempio</value>
  <value column="FileNamePattern" original=""/>
  <value column="ParameterValue" original=""/>
 </row>
 <row id="161" trl="Y">
  <value column="Name" original="Reference List">Lista riferimento</value>
  <value column="Description" original=""/>
  <value column="FileNamePattern" original=""/>
  <value column="ParameterValue" original=""/>
 </row>
 <row id="162" trl="Y">
  <value column="Name" original="Message">Messaggio</value>
  <value column="Description" original=""/>
  <value column="FileNamePattern" original=""/>
  <value column="ParameterValue" original=""/>
 </row>
 <row id="167" trl="Y">
  <value column="Name" original="Process">Processo</value>
  <value column="Description" original=""/>
  <value column="FileNamePattern" original=""/>
  <value column="ParameterValue" original=""/>
 </row>
 <row id="50000" trl="Y">
  <value column="Name" original="MRP Review">Revisione MRP</value>
  <value column="Description" original="MRP Detail">Dettaglio MRP</value>
  <value column="FileNamePattern" original=""/>
  <value column="ParameterValue" original=""/>
 </row>
 <row id="50001" trl="Y">
  <value column="Name" original="Manufacturing_Order_Header ** TEMPLATE **">Ordine_Produzione_Intestazione ** TEMPLATE **</value>
  <value column="Description" original="Manufacturing Order">Ordine produzione</value>
  <value column="FileNamePattern" original=""/>
  <value column="ParameterValue" original=""/>
 </row>
 <row id="50002" trl="Y">
  <value column="Name" original="Manufacturing_Order_BOMLine ** TEMPLATE **">Ordine_Produzione_RigaDiBa ** TEMPLATE **</value>
  <value column="Description" original="Manufacturing Order BOM Line">Riga DiBa ordine produzione</value>
  <value column="FileNamePattern" original=""/>
  <value column="ParameterValue" original=""/>
 </row>
 <row id="50003" trl="Y">
  <value column="Name" original="Manufacturing Orders Review  ">Revisione ordini produzione</value>
  <value column="Description" original=""/>
  <value column="FileNamePattern" original=""/>
  <value column="ParameterValue" original=""/>
 </row>
 <row id="50004" trl="Y">
  <value column="Name" original="Manufacturing Orders Review   Copiar registro 4082309">Revisione ordini produzione - copia registro 4082309</value>
  <value column="Description" original=""/>
  <value column="FileNamePattern" original=""/>
  <value column="ParameterValue" original=""/>
 </row>
 <row id="50005" trl="Y">
  <value column="Name" original="Component Check">Controllo componente</value>
  <value column="Description" original=""/>
  <value column="FileNamePattern" original=""/>
  <value column="ParameterValue" original=""/>
 </row>
 <row id="50006" trl="Y">
  <value column="Name" original="Order Transactions">Transazioni ordine</value>
  <value column="Description" original=""/>
  <value column="FileNamePattern" original=""/>
  <value column="ParameterValue" original=""/>
 </row>
 <row id="50007" trl="Y">
  <value column="Name" original="Order Transactions Copiar registro 14306576">Transazioni ordine copia registro 14306576</value>
  <value column="Description" original=""/>
  <value column="FileNamePattern" original=""/>
  <value column="ParameterValue" original=""/>
 </row>
 <row id="50008" trl="Y">
  <value column="Name" original="RV_PP_Operation_Activity &amp;Copy Record 4622012" xml:space="preserve"><![CDATA[RV_PP_Operation_Activity &Copy Record 4622012]]></value>
  <value column="Description" original=""/>
  <value column="FileNamePattern" original=""/>
  <value column="ParameterValue" original=""/>
 </row>
 <row id="50009" trl="Y">
  <value column="Name" original="Operation Activity ** TEMPLATE **">Attività operazione ** TEMPLATE **</value>
  <value column="Description" original="Operation Activity ** TEMPLATE **">Attività operazione ** TEMPLATE **</value>
  <value column="FileNamePattern" original=""/>
  <value column="ParameterValue" original=""/>
 </row>
 <row id="50010" trl="Y">
  <value column="Name" original="DistributionOrder_Line  ** TEMPLATE **">OrdineDistribuzione_Riga  ** TEMPLATE **</value>
  <value column="Description" original="Standard Order Line">Riga ordine standard</value>
  <value column="FileNamePattern" original=""/>
  <value column="ParameterValue" original=""/>
 </row>
 <row id="50011" trl="Y">
  <value column="Name" original="DistributionOrder_Header  ** TEMPLATE **">OrdineDistribuzione_Intestazione  ** TEMPLATE **</value>
  <value column="Description" original="Standard Order Header">Intestazione ordine standard</value>
  <value column="FileNamePattern" original=""/>
  <value column="ParameterValue" original=""/>
 </row>
 <row id="50012" trl="Y">
  <value column="Name" original="Product Costing">Costo del prodotto</value>
  <value column="Description" original=""/>
  <value column="FileNamePattern" original=""/>
  <value column="ParameterValue" original=""/>
 </row>
 <row id="50013" trl="Y">
  <value column="Name" original="Multi Level BOM &amp; Formula Detail" xml:space="preserve"><![CDATA[Dettaglio DiBa & formula multilivello]]></value>
  <value column="Description" original="Multi Level BOM &amp; Formula Detail" xml:space="preserve"><![CDATA[Dettaglio DiBa & formula multilivello]]></value>
  <value column="FileNamePattern" original=""/>
  <value column="ParameterValue" original=""/>
 </row>
 <row id="50014" trl="Y">
  <value column="Name" original="Asset Disposal Expense Entry Rpt &amp;Copy Record 1500673861">Reg. spese dismissione cespite e copia registro 1500673861</value>
  <value column="Description" original=""/>
  <value column="FileNamePattern" original=""/>
  <value column="ParameterValue" original=""/>
 </row>
 <row id="50015" trl="Y">
  <value column="Name" original="Asset Disposal Expense Entry Rpt">Registrazione spese dismissione cespite</value>
  <value column="Description" original=""/>
  <value column="FileNamePattern" original=""/>
  <value column="ParameterValue" original=""/>
 </row>
 <row id="50016" trl="Y">
  <value column="Name" original="Asset Transfer Entry">Voce trasferimento cespite</value>
  <value column="Description" original=""/>
  <value column="FileNamePattern" original=""/>
  <value column="ParameterValue" original=""/>
 </row>
 <row id="50017" trl="Y">
  <value column="Name" original="Asset Transfer Entry &amp;Copy Record 733003674">Voce trasferimento cespite e copia record 733003674</value>
  <value column="Description" original=""/>
  <value column="FileNamePattern" original=""/>
  <value column="ParameterValue" original=""/>
 </row>
 <row id="50018" trl="Y">
  <value column="Name" original="Asset Split Entry &amp;Copy Record 895559168">Voce divisione cespite e copia record 895559168</value>
  <value column="Description" original=""/>
  <value column="FileNamePattern" original=""/>
  <value column="ParameterValue" original=""/>
 </row>
 <row id="50019" trl="Y">
  <value column="Name" original="Asset Split Entry">Voce divisione cespite</value>
  <value column="Description" original=""/>
  <value column="FileNamePattern" original=""/>
  <value column="ParameterValue" original=""/>
 </row>
 <row id="50020" trl="Y">
  <value column="Name" original="Depreciation Expense Entry &amp;Copy Record 1166440766">Voce ammortamento spesa e copia record 1166440766</value>
  <value column="Description" original=""/>
  <value column="FileNamePattern" original=""/>
  <value column="ParameterValue" original=""/>
 </row>
 <row id="50021" trl="Y">
  <value column="Name" original="Depreciation Expense Entry">Voce ammortamento spesa</value>
  <value column="Description" original=""/>
  <value column="FileNamePattern" original=""/>
  <value column="ParameterValue" original=""/>
 </row>
 <row id="50022" trl="Y">
  <value column="Name" original="Asset Depreciation Forecast &amp;Copy Record 1622765813">Previsione ammortamento cespite e record di copia 1622765813</value>
  <value column="Description" original=""/>
  <value column="FileNamePattern" original=""/>
  <value column="ParameterValue" original=""/>
 </row>
 <row id="50023" trl="Y">
  <value column="Name" original="Asset Depreciation Forecast">Previsione ammortamento cespite</value>
  <value column="Description" original=""/>
  <value column="FileNamePattern" original=""/>
  <value column="ParameterValue" original=""/>
 </row>
 <row id="50024" trl="Y">
  <value column="Name" original="RV_Asset_Parent_Report">RV_Asset_Parent_Report</value>
  <value column="Description" original=""/>
  <value column="FileNamePattern" original=""/>
  <value column="ParameterValue" original=""/>
 </row>
 <row id="50025" trl="Y">
  <value column="Name" original="RV_Depreciation_Table">RV_Depreciation_Table</value>
  <value column="Description" original=""/>
  <value column="FileNamePattern" original=""/>
  <value column="ParameterValue" original=""/>
 </row>
 <row id="50026" trl="Y">
  <value column="Name" original="Spread Report">Rapporto diffusione</value>
  <value column="Description" original=""/>
  <value column="FileNamePattern" original=""/>
  <value column="ParameterValue" original=""/>
 </row>
 <row id="50027" trl="Y">
  <value column="Name" original="RV_Asset_Depreciation_Method">RV_Asset_Depreciation_Method</value>
  <value column="Description" original=""/>
  <value column="FileNamePattern" original=""/>
  <value column="ParameterValue" original=""/>
 </row>
 <row id="50028" trl="Y">
  <value column="Name" original="RV_Asset_Convention_Rpt">RV_Asset_Convention_Rpt</value>
  <value column="Description" original=""/>
  <value column="FileNamePattern" original=""/>
  <value column="ParameterValue" original=""/>
 </row>
 <row id="50029" trl="Y">
  <value column="Name" original="RV_Depreciation_Calculation_Methods">RV_Depreciation_Calculation_Methods</value>
  <value column="Description" original=""/>
  <value column="FileNamePattern" original=""/>
  <value column="ParameterValue" original=""/>
 </row>
 <row id="50030" trl="Y">
  <value column="Name" original="RV_Asset_Group_Defaults">RV_Asset_Group_Defaults</value>
  <value column="Description" original=""/>
  <value column="FileNamePattern" original=""/>
  <value column="ParameterValue" original=""/>
 </row>
 <row id="50031" trl="Y">
  <value column="Name" original="Inbound Charge Entry Report">Report voce addebiti in entrata</value>
  <value column="Description" original=""/>
  <value column="FileNamePattern" original=""/>
  <value column="ParameterValue" original=""/>
 </row>
 <row id="50032" trl="Y">
  <value column="Name" original="Forecast Report">Report previsione</value>
  <value column="Description" original=""/>
  <value column="FileNamePattern" original=""/>
  <value column="ParameterValue" original=""/>
 </row>
 <row id="50033" trl="Y">
  <value column="Name" original="Forecast Report by Period">Report previsione per periodo</value>
  <value column="Description" original=""/>
  <value column="FileNamePattern" original=""/>
  <value column="ParameterValue" original=""/>
 </row>
 <row id="50037" trl="Y">
  <value column="Name" original="Manufacturing_Order_Node ** TEMPLATE **">Ordine_Produzione_Nodo ** TEMPLATE **</value>
  <value column="Description" original="Manufacturing Order Node">Nodo ordine produzione</value>
  <value column="FileNamePattern" original=""/>
  <value column="ParameterValue" original=""/>
 </row>
 <row id="50038" trl="Y">
  <value column="Name" original="Cost BOM Multi Level Review">Revisione costo DiBa multilivello</value>
  <value column="Description" original="Cost BOM Multi Level Review">Revisione costo DiBa multilivello</value>
  <value column="FileNamePattern" original=""/>
  <value column="ParameterValue" original=""/>
 </row>
 <row id="50040" trl="Y">
  <value column="Name" original="Manufacturing_Order_BOMLine_Component ** TEMPLATE **">Ordine_Produzione_RigaDiBa_Componente ** TEMPLATE **</value>
  <value column="Description" original="Manufacturing Order BOM Line">Riga DiBa ordine produzione</value>
  <value column="FileNamePattern" original=""/>
  <value column="ParameterValue" original=""/>
 </row>
 <row id="50041" trl="Y">
  <value column="Name" original="Manufacturing_Order_BOM_Header ** TEMPLATE **">Ordine_Produzione_DiBa_Intestazione ** TEMPLATE **</value>
  <value column="Description" original=""/>
  <value column="FileNamePattern" original=""/>
  <value column="ParameterValue" original=""/>
 </row>
 <row id="50042" trl="Y">
  <value column="Name" original="Manufacturing_Order_Workflow_Header ** TEMPLATE **">Ordine_Produzione_Workflow_Intestazione ** TEMPLATE **</value>
  <value column="Description" original=""/>
  <value column="FileNamePattern" original=""/>
  <value column="ParameterValue" original=""/>
 </row>
 <row id="50043" trl="Y">
  <value column="Name" original="Manufacturing_Order_Node_Product ** TEMPLATE **">Ordine_Produzione_Nodo_Prodotto ** TEMPLATE **</value>
  <value column="Description" original=""/>
  <value column="FileNamePattern" original=""/>
  <value column="ParameterValue" original=""/>
 </row>
 <row id="50044" trl="Y">
  <value column="Name" original="Manufacturing_Order_BOMLine_Packing** TEMPLATE **">Ordine_Produzione_RigaDiBa_Imballo ** TEMPLATE **</value>
  <value column="Description" original="Manufacturing Order BOM Line">Ordine produzione riga DiBa</value>
  <value column="FileNamePattern" original=""/>
  <value column="ParameterValue" original=""/>
 </row>
 <row id="50045" trl="Y">
  <value column="Name" original="Manufacturing_Order_BOM_Header_Packing ** TEMPLATE **">Ordine_Produzione_DiBa_Intestazione_Imballo ** TEMPLATE **</value>
  <value column="Description" original=""/>
  <value column="FileNamePattern" original=""/>
  <value column="ParameterValue" original=""/>
 </row>
 <row id="50051" trl="Y">
  <value column="Name" original="Accounting Fact Reconciliation">Riconciliazione fatti contabili</value>
  <value column="Description" original=""/>
  <value column="FileNamePattern" original=""/>
  <value column="ParameterValue" original=""/>
 </row>
 <row id="50057" trl="Y">
  <value column="Name" original="Indented Bill of Material">Distinta base indentata</value>
  <value column="Description" original=""/>
  <value column="FileNamePattern" original=""/>
  <value column="ParameterValue" original=""/>
 </row>
 <row id="200000" trl="Y">
  <value column="Name" original="BOM Line">Riga DiBa</value>
  <value column="Description" original=""/>
  <value column="FileNamePattern" original=""/>
  <value column="ParameterValue" original=""/>
 </row>
 <row id="200001" trl="Y">
  <value column="Name" original="Single Level BOM">DiBa monolivello</value>
  <value column="Description" original=""/>
  <value column="FileNamePattern" original=""/>
  <value column="ParameterValue" original=""/>
 </row>
 <row id="200002" trl="Y">
  <value column="Name" original="1099 Extract">Estratto 1099</value>
  <value column="Description" original=""/>
  <value column="FileNamePattern" original=""/>
  <value column="ParameterValue" original=""/>
 </row>
 <row id="200005" trl="Y">
  <value column="Name" original="Bank Register Report">Report registro bancario</value>
  <value column="Description" original=""/>
  <value column="FileNamePattern" original=""/>
  <value column="ParameterValue" original=""/>
 </row>
 <row id="200006" trl="Y">
  <value column="Name" original="Product/Component Where Used">Prodotto/componente dove è usato</value>
  <value column="Description" original=""/>
  <value column="FileNamePattern" original=""/>
  <value column="ParameterValue" original=""/>
 </row>
 <row id="200007" trl="Y">
  <value column="Name" original="Simple Fact View">Vista semplice dei fatti</value>
  <value column="Description" original=""/>
  <value column="FileNamePattern" original=""/>
  <value column="ParameterValue" original=""/>
 </row>
 <row id="200008" trl="Y">
  <value column="Name" original="Complex Fact View">Vista complessa dei fatti</value>
  <value column="Description" original=""/>
  <value column="FileNamePattern" original=""/>
  <value column="ParameterValue" original=""/>
 </row>
 <row id="200014" trl="Y">
  <value column="Name" original="Trial Balance Report">Report bilancio di prova</value>
  <value column="Description" original=""/>
  <value column="FileNamePattern" original=""/>
  <value column="ParameterValue" original=""/>
 </row>
 <row id="200016" trl="Y">
  <value column="Name" original="TestUUDet Print Format">Formato stampa TestUUDet</value>
  <value column="Description" original=""/>
  <value column="FileNamePattern" original=""/>
  <value column="ParameterValue" original=""/>
 </row>
 <row id="200017" trl="Y">
  <value column="Name" original="TestUU Print Format">Formato stampa TestUU</value>
  <value column="Description" original=""/>
  <value column="FileNamePattern" original=""/>
  <value column="ParameterValue" original=""/>
 </row>
 <row trl="Y" uuid="8a15fbb7-1deb-4859-99cf-d86aa8ad9387">
  <value column="Name" original="Check List of Open Invoice at Point Of Time(Multi Line)">Controlla elenco partite aperte alla data (multi-riga)</value>
  <value column="Description" original="#OrderTemplate">#OrderTemplate</value>
  <value column="FileNamePattern" original=""/>
  <value column="ParameterValue" original=""/>
 </row>
 <row trl="Y" uuid="28fd9098-9de2-4990-8489-967ec5aa7575">
  <value column="Name" original="Table Relations Confirmation Report">Report conferma relazioni tabella</value>
  <value column="Description" original="JPIERE-0158:JPPS">JPIERE-0158:JPPS</value>
  <value column="FileNamePattern" original=""/>
  <value column="ParameterValue" original=""/>
 </row>
 <row trl="Y" uuid="ae1c2385-da3a-4b35-ab70-02981d4002d8">
  <value column="Name" original="Delete Client and Initialize Client Log Confirmation Report">Report conferma log elimina e inizializza client</value>
  <value column="Description" original="JPIERE-0158:JPPS">JPIERE-0158:JPPS</value>
  <value column="FileNamePattern" original=""/>
  <value column="ParameterValue" original=""/>
 </row>
 <row trl="Y" uuid="e133843a-acf0-4f88-89ff-1a0be5ccf90b">
  <value column="Name" original="Delete Tables Confirmation Report">Report conferma eliminazione tabelle</value>
  <value column="Description" original="JPIERE-0158:JPPS">JPIERE-0158:JPPS</value>
  <value column="FileNamePattern" original=""/>
  <value column="ParameterValue" original=""/>
 </row>
 <row trl="Y" uuid="c2de81a6-a754-4c8b-b32a-51478a89c864">
  <value column="Name" original="Check List of Sales Order Not Shipment(Multi Line) ">Lista controllo OdV non spedito (multi-riga)</value>
  <value column="Description" original="JPIERE-0054:JPCS">JPIERE-0054:JPCS</value>
  <value column="FileNamePattern" original=""/>
  <value column="ParameterValue" original=""/>
 </row>
 <row trl="Y" uuid="334d2955-70b8-4d23-8448-193d1c6229f3">
  <value column="Name" original="Check List of Sales Order Not Shipment(Multi Line-Product)">Lista controllo OdV non spedito (multi-riga-prodotto)</value>
  <value column="Description" original="JPIERE-0054：JPCS">JPIERE-0054：JPCS</value>
  <value column="FileNamePattern" original=""/>
  <value column="ParameterValue" original=""/>
 </row>
</idempiereTrl>
