<?xml version="1.0" encoding="UTF-8" standalone="no"?>
<!--iDempiere(r) Release 11_2023-12-24 -Smart Suite ERP, CRM and SCM- (c) 1999-2024 iDempiere(r); Implementation: iDempiere - Supported by iDempiere community--><!--<!DOCTYPE idempiereTrl PUBLIC "-//ComPiere, Inc.//DTD iDempiere Translation 1.0//EN" "http://www.idempiere.com/dtd/idempiereTrl.dtd">--><idempiereTrl language="it_IT" table="AD_WF_Node">
 <row id="116" trl="Y">
  <value column="Name" original="Accounting Schema">Schema contabile</value>
  <value column="Description" original="Project as Account Segment">Progetto come segmento contabile</value>
  <value column="Help" original="To enable accounting reporting of projects, create and enable a project segment in the account elements.">Per permettere di riportare progetti contabili, crea un segmento progetto negli elementi dei conti.</value>
 </row>
 <row id="118" trl="Y">
  <value column="Name" original="System Elements">Elementi di sistema</value>
  <value column="Description" original="Translate System Elements">Traduci elementi di sistema</value>
  <value column="Help" original="System Elements are used to centrally define field labels, description and help. When translating an Element, the appropriate information of Fields in Windows, Parameters and Reports are translated (overwritten)">Gli elementi di sistema sono usati per definire a livello centrale le etichette dei campi, descrizione e aiuto. Quando si traduce un elemento, le appropriate informazioni dei campi nelle finestre, i parametri e i reports vengono tradotte. (sovrascritte)</value>
 </row>
 <row id="119" trl="Y">
  <value column="Name" original="Messages">Messaggi</value>
  <value column="Description" original="Translate Messages">Traduci messaggi</value>
  <value column="Help" original="Translate the messages used in Windows, Forms and Processes">Traduce i messaggi usati in finestre, form e processi.</value>
 </row>
 <row id="120" trl="Y">
  <value column="Name" original="Reference">Riferimenti</value>
  <value column="Description" original="Translate References">Traduci riferimenti</value>
  <value column="Help" original="References are used as prefedined selection lists.  You only need to translate the List Elements !!">I riferimenti sono usati come predefiniti in una lista di selezione. Devi solo tradurre gli elementi della lista!!!!</value>
 </row>
 <row id="121" trl="Y">
  <value column="Name" original="Window &amp; Tab" xml:space="preserve"><![CDATA[Finestra & tab]]></value>
  <value column="Description" original="Translate Windows and Tabs" xml:space="preserve"><![CDATA[Traduci finestre (Windows) & tab]]></value>
  <value column="Help" original="Translate the Name, Description and Help for Windows and Tabs.  Most of the Fields are already translated, if they are centrally maintained.">Traduci il nome, descrizione e aiuto per finestre e tab. La maggior parte dei campi sono già tradotti, se gestiti centralmente.</value>
 </row>
 <row id="122" trl="Y">
  <value column="Name" original="Form">Maschera</value>
  <value column="Description" original="Translate Forms">Traduci maschere</value>
  <value column="Help" original="Forms are special Windows and you need to translate its name, description and Help.">Le maschere sono finestre speciali e devo tradurne il nome, la descrizione e l'aiuto.</value>
 </row>
 <row id="123" trl="Y">
  <value column="Name" original="Report &amp; Process" xml:space="preserve"><![CDATA[Report & processi]]></value>
  <value column="Description" original="Translate Reports and Processes">Traduci report e processi</value>
  <value column="Help" original="Translate the Name, Description and Help for Processes and Reports. You don't need to translate the Parameters, if they are centrally maintained.">Traduci il nome, descrizione e aiuto per i processi e i reports. Non devi tradurre i parametri, se gestiti centralmente.</value>
 </row>
 <row id="140" trl="Y">
  <value column="Name" original="User">Utente</value>
  <value column="Description" original="Define Sales Representative as User">Definisci il rappresentante vendite come utente</value>
  <value column="Help" original="Users can log into the system and have access to functionality via one or more roles. Select the Business Partner you just set up. This enables the user to be treated as sales rep in the system.">Gli utenti possono navigare nel sistema e avere accesso alle funzioni attraverso uno o più ruoli. Seleziona il business partner che hai appena inserito. Ciò permette all'utente di navigare nel sistema come un rappresentante di vendita.</value>
 </row>
 <row id="141" trl="Y">
  <value column="Name" original="Business Partner">Business partner</value>
  <value column="Description" original="Set up Sales Representative as Business Partner">Inserisci rappresentante vendite come business partner</value>
  <value column="Help" original="Set up the sales representative as Employee and Sales Representative in the Employee tab.  Also set up the Vendor part, if you want to create payments.">Inserisce il rappresentante come un impiegato nel tab impiegati. Puoi inserire anche il fornitore, se vuoi creare dei pagamenti.</value>
 </row>
 <row id="146" trl="Y">
  <value column="Name" original="Workflow">Workflow</value>
  <value column="Description" original="Translate Workflows">Traduci workflow</value>
  <value column="Help" original="Translate Name, Description and Help of Workflows and their Nodes.  You only need to translate the List Elements !!">Traduce nome, descrizione e aiuto del workflow e i suoi nodi.</value>
 </row>
 <row id="152" trl="Y">
  <value column="Name" original="Check Tenant Setup">Controllo setup del client</value>
  <value column="Description" original="Check Tenant setup for Requests">Controllare client setup per richieste</value>
  <value column="Help" original="You need to have a mail server and an email address from which the requets an notifications are sent.  Optionally, if you define a mail user and password, requests are read from the mail users's folder and imported into the system.">Hai bisogno di una mail server e di un indirizzo email dal quale le richieste e le notifiche vengono inviate. Altrimenti, se definisci una mail utente e la password, le richieste vengono lette dalla cartella della posta utenti e importate nel sistema.</value>
 </row>
 <row id="153" trl="Y">
  <value column="Name" original="Check Users">Controllo utenti</value>
  <value column="Description" original="Check users for Request processing">Controllare utenti per elaborazione richieste</value>
  <value column="Help" original="Please ensure that users have a email address and supervisor assigned.">Per favore assicurarsi che gli utenti abbiano un indirizzo email e un supervisore assegnato.</value>
 </row>
 <row id="155" trl="Y">
  <value column="Name" original="Check Business Partners">Controllo business partners</value>
  <value column="Description" original="Check Business Partners for Request processing">Controllare business partner per elaborazione richieste</value>
  <value column="Help" original="You can send EMails to businbess partners.  Make sure, that the business partners and/or the Contacts have email addresses.">Puoi inviare email ai business partner. Assicurati che i business partner e/o i contatti abbiano il proprio indirizzo email.</value>
 </row>
 <row id="166" trl="Y">
  <value column="Name" original="Tax Category">Categoria imposta</value>
  <value column="Description" original="Maintain Tax Categories">Gestione categoria imposta</value>
  <value column="Help" original="The Tax Category Window is used to enter and maintain Tax Categories.  Each product is associated with a tax category which facilitates reacting changing tax rates.">La finestra categoria fiscale viene utilizzata per inserire e mantenere le categorie fiscali. Ogni prodotto è associato a una categoria fiscale, il che facilita la reazione alle variazioni delle aliquote fiscali.</value>
 </row>
 <row id="167" trl="Y">
  <value column="Name" original="Product">Prodotto</value>
  <value column="Description" original="Maintain Products">Gestione prodotti</value>
  <value column="Help" original="The Product Window defines all products used by an organization.  These products include those sold to customers, used in the manufacture of products sold to customers and products purchased by an organization."/>
 </row>
 <row id="168" trl="Y">
  <value column="Name" original="Charge">Spese</value>
  <value column="Description" original="Maintain Charges">Gestione spese</value>
  <value column="Help" original="The Charges Window defines the different charges that may be incurred.  These can include Bank Charges, Vendor Charges and Handling Charges.">La finestra spese definisce le diverse spese che possono essere sostenute. Queste possono includere spese bancarie, spese del fornitore e spese di gestione.</value>
 </row>
 <row id="169" trl="Y">
  <value column="Name" original="Tax Rate">Tasso imposta</value>
  <value column="Description" original="Maintain Taxes and their Rates">Gestione tasso imposta</value>
  <value column="Help" original="The Tax Rate Window defines the different taxes used for each tax category.  For example Sales Tax must be defined for each State in which it applies.">La finestra aliquota fiscale definisce le diverse imposte utilizzate per ogni categoria fiscale. Ad esempio, l'imposta sulle vendite deve essere definita per ogni stato in cui si applica.</value>
 </row>
 <row id="170" trl="Y">
  <value column="Name" original="Accounting Schema">Schema contabile</value>
  <value column="Description" original="Maintain Accounting Schema - For changes to become effective you must re-login">Mantenere lo schema contabile - affinché le modifiche diventino effettive, è necessario effettuare nuovamente il login.</value>
  <value column="Help" original="The Accounting Schema Window defines an accounting method and the elements that will comprise an account structure. Create and activate elements for detailed accounting for Business Partners, Products, Locations, etc.&#10;Review and change the GL and Default accounts. The actual accounts used in transactions depend on the executing organization; Most of the information is derived from the context.">La finestra schema contabile definisce un metodo di contabilità e gli elementi che compongono la struttura di un conto. Creare e attivare gli elementi per la contabilità dettagliata di business partner, prodotti, sedi, ecc.
Rivedere e modificare i conti della contabilità generale e di default. I conti effettivi utilizzati nelle transazioni dipendono dall'organizzazione esecutrice; la maggior parte delle informazioni deriva dal contesto.</value>
 </row>
 <row id="50000" trl="Y">
  <value column="Name" original="Manufacturing Workflow Setup">Impostazione workflow produzione</value>
  <value column="Description" original="Setup Manufacturing Workflow">Impostazione workflow produzione</value>
  <value column="Help" original=""/>
 </row>
 <row id="50001" trl="Y">
  <value column="Name" original="Discrete Manufacturing Setup">Configurazione della produzione discreta</value>
  <value column="Description" original="Setup Manufacturing Management">Configurazione della produzione discreta</value>
  <value column="Help" original=""/>
 </row>
 <row id="50002" trl="Y">
  <value column="Name" original="Bill of Material &amp; Formula Setup">Setup formula distinta base</value>
  <value column="Description" original="Setup Manufacturing Management">Setup formula distinta base</value>
  <value column="Help" original=""/>
 </row>
 <row id="50003" trl="Y">
  <value column="Name" original="Warehouse &amp; Locators">Magazzino e ubicazioni</value>
  <value column="Description" original="Warehouse &amp; Locators">Magazzino e ubicazioni</value>
  <value column="Help" original=""/>
 </row>
 <row id="50004" trl="Y">
  <value column="Name" original="Resource Type">Tipo risorsa</value>
  <value column="Description" original="Resource Type">Tipo risorsa</value>
  <value column="Help" original=""/>
 </row>
 <row id="50005" trl="Y">
  <value column="Name" original="Manufacturing Workflows">Workflow produzione</value>
  <value column="Description" original="Manufacturing Workflows">Workflow produzione</value>
  <value column="Help" original=""/>
 </row>
 <row id="50006" trl="Y">
  <value column="Name" original="Manufacturing Resource">Risorsa produzione</value>
  <value column="Description" original="Manufacturing Resource">Risorsa produzione</value>
  <value column="Help" original=""/>
 </row>
 <row id="50007" trl="Y">
  <value column="Name" original="Unit of Measure">Unità di misura</value>
  <value column="Description" original="Maintain Unit of Measure ">Gestione unità di misura</value>
  <value column="Help" original=""/>
 </row>
 <row id="50008" trl="Y">
  <value column="Name" original="Product">Prodotto</value>
  <value column="Description" original="Maintain Products">Gestione prodotti</value>
  <value column="Help" original=""/>
 </row>
 <row id="50009" trl="Y">
  <value column="Name" original="Material Requirement Planning Setup">Impostazione della pianificazione dei fabbisogni di material</value>
  <value column="Description" original="Setup Material Requirement Planning">Impostazione della pianificazione dei fabbisogni di materiale</value>
  <value column="Help" original=""/>
 </row>
 <row id="50010" trl="Y">
  <value column="Name" original="Capacity Requirement Planning Setup">Impostazione della pianificazione del fabbisogno di capacità</value>
  <value column="Description" original="Setup Capacity Requirement Planning">Impostazione della pianificazione del fabbisogno di capacità</value>
  <value column="Help" original=""/>
 </row>
 <row id="50011" trl="Y">
  <value column="Name" original="Forecast">Previsione</value>
  <value column="Description" original="Forecast">Previsione</value>
  <value column="Help" original=""/>
 </row>
 <row id="50012" trl="Y">
  <value column="Name" original="Manufacturing Management Setup">Impostazione della gestione della produzione</value>
  <value column="Description" original="MRP is a set of techniques which uses Bills of Material, Inventory Data, and the Master Production Schedule to calculate requirements for materials.">MRP è un insieme di tecniche che utilizza le distinte base, i dati di inventario e il piano di produzione principale per calcolare i requisiti dei materiali.</value>
  <value column="Help" original=""/>
 </row>
 <row id="50013" trl="Y">
  <value column="Name" original="Notice">Avviso</value>
  <value column="Description" original="MRP is a set of techniques which uses Bills of Material, Inventory Data, and the Master Production Schedule to calculate requirements for materials."/>
  <value column="Help" original=""/>
 </row>
 <row id="50014" trl="Y">
  <value column="Name" original="Discrete Manufacturing Setup">Configurazione della produzione discreta</value>
  <value column="Description" original="MRP is a set of techniques which uses Bills of Material, Inventory Data, and the Master Production Schedule to calculate requirements for materials.">L'mrp è un insieme di tecniche che utilizza le distinte base, i dati di inventario e il master production schedule per calcolare i requisiti dei materiali.</value>
  <value column="Help" original=""/>
 </row>
 <row id="50015" trl="Y">
  <value column="Name" original="Material Requirement Planning Setup">Impostazione della pianificazione dei fabbisogni di material</value>
  <value column="Description" original="Setup Material Requirement Planning">Impostazione della pianificazione dei fabbisogni di materiale</value>
  <value column="Help" original=""/>
 </row>
 <row id="50016" trl="Y">
  <value column="Name" original="Manufacturing Workflow Setup">Impostazione workflow produzione</value>
  <value column="Description" original="Setup Manufacturing Workflow">Impostazione workflow produzione</value>
  <value column="Help" original=""/>
 </row>
 <row id="50017" trl="Y">
  <value column="Name" original="Calculate Capacity Plan">Calcola piano delle capacità</value>
  <value column="Description" original="Calculate Capacity Plan">Calcola piano delle capacità</value>
  <value column="Help" original=""/>
 </row>
 <row id="50018" trl="Y">
  <value column="Name" original="Resource Load View">Vista carico risorsa</value>
  <value column="Description" original="It shows graphically of the required and available time for each manufacturing resource.">Mostra graficamente il tempo richiesto e quello disponibile per ogni risorsa produttiva.</value>
  <value column="Help" original=""/>
 </row>
 <row id="50019" trl="Y">
  <value column="Name" original="Material Requirement Planning Setup">Impostazione della pianificazione dei fabbisogni di material</value>
  <value column="Description" original="Setup Material Requirement Planning">Impostazione della pianificazione dei fabbisogni di materiale</value>
  <value column="Help" original=""/>
 </row>
 <row id="50020" trl="Y">
  <value column="Name" original="Manufacturing Management Setup">Impostazione della gestione della produzione</value>
  <value column="Description" original="Setup Manufacturing Management">Impostazione della gestione della produzione</value>
  <value column="Help" original=""/>
 </row>
 <row id="50021" trl="Y">
  <value column="Name" original="Distribution Management Setup">Impostazione gestione distribuzione</value>
  <value column="Description" original="Setup Distribution Management">Impostazione gestione distribuzione</value>
  <value column="Help" original=""/>
 </row>
 <row id="50022" trl="Y">
  <value column="Name" original="Planned Order Approval">Approvazione ordine pianificato</value>
  <value column="Description" original="Planned Order Approval">Approvazione ordine pianificato</value>
  <value column="Help" original=""/>
 </row>
 <row id="50023" trl="Y">
  <value column="Name" original="MRP Notice">Avviso MRP</value>
  <value column="Description" original="MRP Notice">Avviso MRP</value>
  <value column="Help" original=""/>
 </row>
 <row id="50024" trl="Y">
  <value column="Name" original="MRP Info">Informazioni MRP</value>
  <value column="Description" original="MRP Info">Informazioni MRP</value>
  <value column="Help" original=""/>
 </row>
 <row id="50025" trl="Y">
  <value column="Name" original="Calculate Distribution Plan">Calcola piano distribuzione</value>
  <value column="Description" original="Calculate Distribution Plan">Calcola piano distribuzione</value>
  <value column="Help" original=""/>
 </row>
 <row id="50027" trl="Y">
  <value column="Name" original="(DocComplete)">(DocCompleto)</value>
  <value column="Description" original="(Standard Node)">(Nodo standard)</value>
  <value column="Help" original=""/>
 </row>
 <row id="50028" trl="Y">
  <value column="Name" original="(DocPrepare)">(DocPrepara)</value>
  <value column="Description" original="(Standard Node)">(Nodo standard)</value>
  <value column="Help" original=""/>
 </row>
 <row id="50029" trl="Y">
  <value column="Name" original="(Start)">(Avvio)</value>
  <value column="Description" original="(Standard Node)">(Nodo standard)</value>
  <value column="Help" original=""/>
 </row>
 <row id="50034" trl="Y">
  <value column="Name" original="Freight Category">Categoria trasporto</value>
  <value column="Description" original="Maintain Freight Categories">Gestione categorie trasporto</value>
  <value column="Help" original=""/>
 </row>
 <row id="50035" trl="Y">
  <value column="Name" original="Inventory Move">Movimento inventario</value>
  <value column="Description" original="Inventory Move">Movimento inventario</value>
  <value column="Help" original=""/>
 </row>
 <row id="50036" trl="Y">
  <value column="Name" original="Shipper">Spedizioniere</value>
  <value column="Description" original="Maintain Shippers">Gestione spedizionieri</value>
  <value column="Help" original=""/>
 </row>
 <row id="50049" trl="Y">
  <value column="Name" original="Multi Level BOM &amp; Formula Detail" xml:space="preserve"><![CDATA[Dettaglio DiBa & formula multilivello]]></value>
  <value column="Description" original="Shows in two different panels the parent-component relationship for the product entered in the Product field.">Mostra in due diversi pannelli la relazione genitore-componente per il prodotto inserito nel campo prodotto.</value>
  <value column="Help" original=""/>
 </row>
 <row id="50050" trl="Y">
  <value column="Name" original="BOM &amp; Formula Info" xml:space="preserve"><![CDATA[Informazioni DiBa & formula]]></value>
  <value column="Description" original="Shows in two different panels the parent-component relationship for the product entered in the Product field.">Mostra in due diversi pannelli la relazione genitore-componente per il prodotto inserito nel campo prodotto.</value>
  <value column="Help" original=""/>
 </row>
 <row id="50051" trl="Y">
  <value column="Name" original="Bill of Materials &amp; Formula">Setup formula distinta base</value>
  <value column="Description" original="Maintain Product Bill of Materials &amp; Formula ">Setup formula distinta base</value>
  <value column="Help" original=""/>
 </row>
 <row id="50052" trl="Y">
  <value column="Name" original="Product Planning">Pianificazione prodotto</value>
  <value column="Description" original="Product Planning">Pianificazione prodotto</value>
  <value column="Help" original=""/>
 </row>
 <row id="50053" trl="Y">
  <value column="Name" original="Calculate Low Level">Calcola il livello "low" della distinta base</value>
  <value column="Description" original="MRP is a set of techniques which uses Bills of Material, Inventory Data, and the Master Production Schedule to calculate requirements for materials.">L'MRP è un insieme di tecniche che utilizza le distinte base, i dati di inventario e il Master Production Schedule per calcolare i requisiti dei materiali.</value>
  <value column="Help" original=""/>
 </row>
 <row id="50054" trl="Y">
  <value column="Name" original="Calculate Material Plan">Calcolo piano materiali</value>
  <value column="Description" original="MRP is a set of techniques which uses Bills of Material, Inventory Data, and the Master Production Schedule to calculate requirements for materials.">L'mrp è un insieme di tecniche che utilizza le distinte base, i dati di inventario e il master production schedule per calcolare i requisiti dei materiali.</value>
  <value column="Help" original=""/>
 </row>
 <row id="50055" trl="Y">
  <value column="Name" original="Planned Order Approval">Approvazione ordine pianificato</value>
  <value column="Description" original="MRP is a set of techniques which uses Bills of Material, Inventory Data, and the Master Production Schedule to calculate requirements for materials."/>
  <value column="Help" original=""/>
 </row>
 <row id="50056" trl="Y">
  <value column="Name" original="MRP Info">Informazioni MRP</value>
  <value column="Description" original="MRP is a set of techniques which uses Bills of Material, Inventory Data, and the Master Production Schedule to calculate requirements for materials."/>
  <value column="Help" original=""/>
 </row>
 <row id="50057" trl="Y">
  <value column="Name" original="Print &amp; Release Order" xml:space="preserve"><![CDATA[Stampa & rilascio ordine]]></value>
  <value column="Description" original="Print &amp; Release Order" xml:space="preserve"><![CDATA[Stampa & rilascio ordine]]></value>
  <value column="Help" original=""/>
 </row>
 <row id="50058" trl="Y">
  <value column="Name" original="Order Receipt &amp; Issue">Ricezione ed emissione dell'ordine</value>
  <value column="Description" original="Order Receipt &amp; Issue">Ricezione ed emissione dell'ordine</value>
  <value column="Help" original=""/>
 </row>
 <row id="50059" trl="Y">
  <value column="Name" original="Manufacturing Order">Ordine produzione</value>
  <value column="Description" original="Manufacturing Order">Ordine produzione</value>
  <value column="Help" original=""/>
 </row>
 <row id="50060" trl="Y">
  <value column="Name" original="Component Check">Controllo componente</value>
  <value column="Description" original="Component Check">Controllo componente</value>
  <value column="Help" original=""/>
 </row>
 <row id="50061" trl="Y">
  <value column="Name" original="Generate Movement">Genera movimento</value>
  <value column="Description" original="Generate and print Movement from open Distribution Orders">Generazione e stampa di movimenti da ordini di distribuzione aperti</value>
  <value column="Help" original=""/>
 </row>
 <row id="50062" trl="Y">
  <value column="Name" original="Generate Movement Manual">Genera movimento manualmente</value>
  <value column="Description" original="Generate Movement to a Order Distribution">Genera un movimento di un ordine di distribuzione</value>
  <value column="Help" original=""/>
 </row>
 <row id="50063" trl="Y">
  <value column="Name" original="Distribution Order">Ordine distribuzione</value>
  <value column="Description" original="Distribution Order allow create Order inter warehouse to supply a demand ">L'ordine di distribuzione consente di creare un ordine tra i magazzini per soddisfare una domanda.</value>
  <value column="Help" original=""/>
 </row>
 <row id="50064" trl="Y">
  <value column="Name" original="Import Proccesor">Processore importazione</value>
  <value column="Description" original="Import Proccesor">Processore importazione</value>
  <value column="Help" original=""/>
 </row>
 <row id="50065" trl="Y">
  <value column="Name" original="Import Processor Type">Tipo processore importazione</value>
  <value column="Description" original="Import Processor Type">Tipo processore importazione</value>
  <value column="Help" original=""/>
 </row>
 <row id="50066" trl="Y">
  <value column="Name" original="Export Format">Formato esportazione</value>
  <value column="Description" original="Export Format">Formato esportazione</value>
  <value column="Help" original=""/>
 </row>
 <row id="50067" trl="Y">
  <value column="Name" original="Export Processor">Processore esportazione</value>
  <value column="Description" original="Export Processor">Processore esportazione</value>
  <value column="Help" original=""/>
 </row>
 <row id="50068" trl="Y">
  <value column="Name" original="Export Processor Type">Tipo processore esportazione</value>
  <value column="Description" original="Export Processor Type">Tipo processore esportazione</value>
  <value column="Help" original=""/>
 </row>
 <row id="50069" trl="Y">
  <value column="Name" original="Replication Strategy">Strategia replica</value>
  <value column="Description" original="Replication Strategy">Strategia replica</value>
  <value column="Help" original=""/>
 </row>
 <row id="50074" trl="Y">
  <value column="Name" original="Payroll">Busta paga</value>
  <value column="Description" original=""/>
  <value column="Help" original=""/>
 </row>
 <row id="50075" trl="Y">
  <value column="Name" original="Payroll Concept Category">Categoria concetto busta paga</value>
  <value column="Description" original=""/>
  <value column="Help" original=""/>
 </row>
 <row id="50076" trl="Y">
  <value column="Name" original="Payroll Contract">Contratto busta paga</value>
  <value column="Description" original=""/>
  <value column="Help" original=""/>
 </row>
 <row id="50077" trl="Y">
  <value column="Name" original="Payroll Process">Processo busta paga</value>
  <value column="Description" original=""/>
  <value column="Help" original=""/>
 </row>
 <row id="50078" trl="Y">
  <value column="Name" original="Payroll Table">Tabella busta paga</value>
  <value column="Description" original=""/>
  <value column="Help" original=""/>
 </row>
 <row id="50079" trl="Y">
  <value column="Name" original="Payroll Department">Dipartimento busta paga</value>
  <value column="Description" original=""/>
  <value column="Help" original=""/>
 </row>
 <row id="50080" trl="Y">
  <value column="Name" original="Payroll Employee">Dipendente busta paga</value>
  <value column="Description" original=""/>
  <value column="Help" original=""/>
 </row>
 <row id="50081" trl="Y">
  <value column="Name" original="Payroll Action Notice">Avviso azione busta paga</value>
  <value column="Description" original=""/>
  <value column="Help" original=""/>
 </row>
 <row id="50082" trl="Y">
  <value column="Name" original="Payroll Table Type">Tipo tabella busta paga</value>
  <value column="Description" original=""/>
  <value column="Help" original=""/>
 </row>
 <row id="50083" trl="Y">
  <value column="Name" original="Payroll Job">Lavoro busta paga</value>
  <value column="Description" original=""/>
  <value column="Help" original=""/>
 </row>
 <row id="50084" trl="Y">
  <value column="Name" original="Payroll Concept Catalog">Catalogo concetto busta paga</value>
  <value column="Description" original=""/>
  <value column="Help" original=""/>
 </row>
 <row id="50099" trl="Y">
  <value column="Name" original="(DocAuto)">(DocAuto)</value>
  <value column="Description" original=""/>
  <value column="Help" original=""/>
 </row>
 <row id="50100" trl="Y">
  <value column="Name" original="(DocComplete)">(DocCompleto)</value>
  <value column="Description" original=""/>
  <value column="Help" original=""/>
 </row>
 <row id="50101" trl="Y">
  <value column="Name" original="(DocPrepare)">(DocPrepara)</value>
  <value column="Description" original=""/>
  <value column="Help" original=""/>
 </row>
 <row id="50102" trl="Y">
  <value column="Name" original="(Start)">(Avvio)</value>
  <value column="Description" original=""/>
  <value column="Help" original=""/>
 </row>
 <row id="50103" trl="Y">
  <value column="Name" original="Activation Approval">Approva attivazione</value>
  <value column="Description" original="Approve asset activation">Approva attivazione</value>
  <value column="Help" original=""/>
 </row>
 <row id="50104" trl="Y">
  <value column="Name" original="(DocAuto)">(DocAuto)</value>
  <value column="Description" original=""/>
  <value column="Help" original=""/>
 </row>
 <row id="50105" trl="Y">
  <value column="Name" original="(DocComplete)">(DocCompleto)</value>
  <value column="Description" original=""/>
  <value column="Help" original=""/>
 </row>
 <row id="50106" trl="Y">
  <value column="Name" original="(DocPrepare)">(DocPrepara)</value>
  <value column="Description" original=""/>
  <value column="Help" original=""/>
 </row>
 <row id="50107" trl="Y">
  <value column="Name" original="(Start)">(Avvio)</value>
  <value column="Description" original=""/>
  <value column="Help" original=""/>
 </row>
 <row id="50108" trl="Y">
  <value column="Name" original="(DocAuto)">(DocAuto)</value>
  <value column="Description" original=""/>
  <value column="Help" original=""/>
 </row>
 <row id="50109" trl="Y">
  <value column="Name" original="(DocComplete)">(DocCompleto)</value>
  <value column="Description" original=""/>
  <value column="Help" original=""/>
 </row>
 <row id="50110" trl="Y">
  <value column="Name" original="(DocPrepare)">(DocPrepara)</value>
  <value column="Description" original=""/>
  <value column="Help" original=""/>
 </row>
 <row id="50111" trl="Y">
  <value column="Name" original="(Start)">(Avvio)</value>
  <value column="Description" original=""/>
  <value column="Help" original=""/>
 </row>
 <row id="50112" trl="Y">
  <value column="Name" original="(DocAuto)">(DocAuto)</value>
  <value column="Description" original=""/>
  <value column="Help" original=""/>
 </row>
 <row id="50113" trl="Y">
  <value column="Name" original="(DocComplete)">(DocCompleto)</value>
  <value column="Description" original=""/>
  <value column="Help" original=""/>
 </row>
 <row id="50114" trl="Y">
  <value column="Name" original="(DocPrepare)">(DocPrepara)</value>
  <value column="Description" original=""/>
  <value column="Help" original=""/>
 </row>
 <row id="50115" trl="Y">
  <value column="Name" original="(Start)">(Avvio)</value>
  <value column="Description" original=""/>
  <value column="Help" original=""/>
 </row>
 <row id="50116" trl="Y">
  <value column="Name" original="(Start)">(Avvio)</value>
  <value column="Description" original=""/>
  <value column="Help" original=""/>
 </row>
 <row id="50117" trl="Y">
  <value column="Name" original="(DocAuto)">(DocAuto)</value>
  <value column="Description" original=""/>
  <value column="Help" original=""/>
 </row>
 <row id="50118" trl="Y">
  <value column="Name" original="(DocComplete)">(DocCompleto)</value>
  <value column="Description" original=""/>
  <value column="Help" original=""/>
 </row>
 <row id="50119" trl="Y">
  <value column="Name" original="(DocPrepare)">(DocPrepara)</value>
  <value column="Description" original=""/>
  <value column="Help" original=""/>
 </row>
</idempiereTrl>
