<?xml version="1.0" encoding="UTF-8" standalone="no"?>
<!--iDempiere(r) Release 11_2023-12-24 -Smart Suite ERP, CRM and SCM- (c) 1999-2024 iDempiere(r); Implementation: iDempiere - Supported by iDempiere community--><!--<!DOCTYPE idempiereTrl PUBLIC "-//ComPiere, Inc.//DTD iDempiere Translation 1.0//EN" "http://www.idempiere.com/dtd/idempiereTrl.dtd">--><idempiereTrl language="it_IT" table="C_Region">
 <row id="102" trl="Y">
  <value column="Name" original="CT">CT</value>
 </row>
 <row id="103" trl="Y">
  <value column="Name" original="CA">CA</value>
 </row>
 <row id="104" trl="Y">
  <value column="Name" original="MA">MA</value>
 </row>
 <row id="105" trl="Y">
  <value column="Name" original="ME">ME</value>
 </row>
 <row id="106" trl="Y">
  <value column="Name" original="NH">NH</value>
 </row>
 <row id="107" trl="Y">
  <value column="Name" original="RI">RI</value>
 </row>
 <row id="108" trl="Y">
  <value column="Name" original="NY">NY</value>
 </row>
 <row id="109" trl="Y">
  <value column="Name" original="NJ">NJ</value>
 </row>
 <row id="110" trl="Y">
  <value column="Name" original="PA">PA</value>
 </row>
 <row id="111" trl="Y">
  <value column="Name" original="VA">VA</value>
 </row>
 <row id="112" trl="Y">
  <value column="Name" original="WV">WV</value>
 </row>
 <row id="113" trl="Y">
  <value column="Name" original="FL">FL</value>
 </row>
 <row id="114" trl="Y">
  <value column="Name" original="AL">AL</value>
 </row>
 <row id="115" trl="Y">
  <value column="Name" original="DE">DE</value>
 </row>
 <row id="116" trl="Y">
  <value column="Name" original="WA">WA</value>
 </row>
 <row id="118" trl="Y">
  <value column="Name" original="AK">AK</value>
 </row>
 <row id="119" trl="Y">
  <value column="Name" original="TN">TN</value>
 </row>
 <row id="120" trl="Y">
  <value column="Name" original="GA">GA</value>
 </row>
 <row id="121" trl="Y">
  <value column="Name" original="ND">ND</value>
 </row>
 <row id="122" trl="Y">
  <value column="Name" original="SD">SD</value>
 </row>
 <row id="123" trl="Y">
  <value column="Name" original="MN">MN</value>
 </row>
 <row id="124" trl="Y">
  <value column="Name" original="IA">IA</value>
 </row>
 <row id="125" trl="Y">
  <value column="Name" original="IN">IN</value>
 </row>
 <row id="126" trl="Y">
  <value column="Name" original="OH">OH</value>
 </row>
 <row id="127" trl="Y">
  <value column="Name" original="IL">IL</value>
 </row>
 <row id="128" trl="Y">
  <value column="Name" original="SC">SC</value>
 </row>
 <row id="129" trl="Y">
  <value column="Name" original="NC">NC</value>
 </row>
 <row id="130" trl="Y">
  <value column="Name" original="KY">KY</value>
 </row>
 <row id="131" trl="Y">
  <value column="Name" original="LA">LA</value>
 </row>
 <row id="132" trl="Y">
  <value column="Name" original="TX">TX</value>
 </row>
 <row id="133" trl="Y">
  <value column="Name" original="OK">OK</value>
 </row>
 <row id="135" trl="Y">
  <value column="Name" original="MS">MS</value>
 </row>
 <row id="136" trl="Y">
  <value column="Name" original="MT">MT</value>
 </row>
 <row id="137" trl="Y">
  <value column="Name" original="MO">MO</value>
 </row>
 <row id="138" trl="Y">
  <value column="Name" original="KS">KS</value>
 </row>
 <row id="139" trl="Y">
  <value column="Name" original="NE">NE</value>
 </row>
 <row id="140" trl="Y">
  <value column="Name" original="WY">WY</value>
 </row>
 <row id="141" trl="Y">
  <value column="Name" original="NM">NM</value>
 </row>
 <row id="142" trl="Y">
  <value column="Name" original="OR">OR</value>
 </row>
 <row id="144" trl="Y">
  <value column="Name" original="AR">AR</value>
 </row>
 <row id="145" trl="Y">
  <value column="Name" original="AZ">AZ</value>
 </row>
 <row id="146" trl="Y">
  <value column="Name" original="UT">UT</value>
 </row>
 <row id="147" trl="Y">
  <value column="Name" original="ID">ID</value>
 </row>
 <row id="148" trl="Y">
  <value column="Name" original="NV">NV</value>
 </row>
 <row id="149" trl="Y">
  <value column="Name" original="CO">CO</value>
 </row>
 <row id="150" trl="Y">
  <value column="Name" original="HI">HI</value>
 </row>
 <row id="152" trl="Y">
  <value column="Name" original="MI">MI</value>
 </row>
 <row id="153" trl="Y">
  <value column="Name" original="WI">WI</value>
 </row>
 <row id="154" trl="Y">
  <value column="Name" original="MD">MD</value>
 </row>
 <row id="155" trl="Y">
  <value column="Name" original="VT">VT</value>
 </row>
 <row id="156" trl="Y">
  <value column="Name" original="Alberta">Alberta</value>
 </row>
 <row id="157" trl="Y">
  <value column="Name" original="British Columbia">British Columbia</value>
 </row>
 <row id="158" trl="Y">
  <value column="Name" original="Manitoba">Manitoba</value>
 </row>
 <row id="159" trl="Y">
  <value column="Name" original="New Brunswick">New Brunswick</value>
 </row>
 <row id="160" trl="Y">
  <value column="Name" original="Newfoundland and Labrador">Newfoundland and Labrador</value>
 </row>
 <row id="161" trl="Y">
  <value column="Name" original="Nova Scotia">Nova Scotia</value>
 </row>
 <row id="162" trl="Y">
  <value column="Name" original="Northwest Territories">Northwest Territories</value>
 </row>
 <row id="163" trl="Y">
  <value column="Name" original="Nunavut">Nunavut</value>
 </row>
 <row id="164" trl="Y">
  <value column="Name" original="Ontario">Ontario</value>
 </row>
 <row id="165" trl="Y">
  <value column="Name" original="Prince Edward Island">Prince Edward Island</value>
 </row>
 <row id="166" trl="Y">
  <value column="Name" original="Québec">Québec</value>
 </row>
 <row id="167" trl="Y">
  <value column="Name" original="Saskatchewan">Saskatchewan</value>
 </row>
 <row id="168" trl="Y">
  <value column="Name" original="Yukon">Yukon</value>
 </row>
 <row id="169" trl="Y">
  <value column="Name" original="VIC">VIC</value>
 </row>
 <row id="170" trl="Y">
  <value column="Name" original="NSW">NSW</value>
 </row>
 <row id="171" trl="Y">
  <value column="Name" original="SA">SA</value>
 </row>
 <row id="172" trl="Y">
  <value column="Name" original="NT">NT</value>
 </row>
 <row id="173" trl="Y">
  <value column="Name" original="WA">WA</value>
 </row>
 <row id="174" trl="Y">
  <value column="Name" original="QLD">QLD</value>
 </row>
 <row id="175" trl="Y">
  <value column="Name" original="TAS">TAS</value>
 </row>
 <row id="176" trl="Y">
  <value column="Name" original="ACT">ACT</value>
 </row>
 <row id="177" trl="Y">
  <value column="Name" original="AGS">AGS</value>
 </row>
 <row id="178" trl="Y">
  <value column="Name" original="B.C.">B.C.</value>
 </row>
 <row id="179" trl="Y">
  <value column="Name" original="B.C.S">B.C.S</value>
 </row>
 <row id="180" trl="Y">
  <value column="Name" original="CAMP">CAMP</value>
 </row>
 <row id="181" trl="Y">
  <value column="Name" original="COL">COL</value>
 </row>
 <row id="182" trl="Y">
  <value column="Name" original="CHIS">CHIS</value>
 </row>
 <row id="183" trl="Y">
  <value column="Name" original="CHIH">CHIH</value>
 </row>
 <row id="184" trl="Y">
  <value column="Name" original="D.F.">D.F.</value>
 </row>
 <row id="185" trl="Y">
  <value column="Name" original="DGO">DGO</value>
 </row>
 <row id="186" trl="Y">
  <value column="Name" original="GTO">GTO</value>
 </row>
 <row id="187" trl="Y">
  <value column="Name" original="GRO">GRO</value>
 </row>
 <row id="188" trl="Y">
  <value column="Name" original="HGO">HGO</value>
 </row>
 <row id="189" trl="Y">
  <value column="Name" original="JAL">JAL</value>
 </row>
 <row id="190" trl="Y">
  <value column="Name" original="MEX">MEX</value>
 </row>
 <row id="191" trl="Y">
  <value column="Name" original="MICH">MICH</value>
 </row>
 <row id="192" trl="Y">
  <value column="Name" original="MOR">MOR</value>
 </row>
 <row id="193" trl="Y">
  <value column="Name" original="NAY">NAY</value>
 </row>
 <row id="194" trl="Y">
  <value column="Name" original="N.L.">N.L.</value>
 </row>
 <row id="195" trl="Y">
  <value column="Name" original="OAX">OAX</value>
 </row>
 <row id="196" trl="Y">
  <value column="Name" original="PUE">PUE</value>
 </row>
 <row id="197" trl="Y">
  <value column="Name" original="QRO">QRO</value>
 </row>
 <row id="198" trl="Y">
  <value column="Name" original="Q.ROO">Q.ROO</value>
 </row>
 <row id="199" trl="Y">
  <value column="Name" original="S.L.P.">S.L.P.</value>
 </row>
 <row id="200" trl="Y">
  <value column="Name" original="SIN">SIN</value>
 </row>
 <row id="201" trl="Y">
  <value column="Name" original="SON">SON</value>
 </row>
 <row id="202" trl="Y">
  <value column="Name" original="TAB">TAB</value>
 </row>
 <row id="203" trl="Y">
  <value column="Name" original="TAMPS">TAMPS</value>
 </row>
 <row id="204" trl="Y">
  <value column="Name" original="TLAX">TLAX</value>
 </row>
 <row id="205" trl="Y">
  <value column="Name" original="VER">VER</value>
 </row>
 <row id="206" trl="Y">
  <value column="Name" original="YUC">YUC</value>
 </row>
 <row id="207" trl="Y">
  <value column="Name" original="ZAC">ZAC</value>
 </row>
 <row id="208" trl="Y">
  <value column="Name" original="COAH">COAH</value>
 </row>
 <row id="209" trl="Y">
  <value column="Name" original="Buenos Aires">Buenos Aires</value>
 </row>
 <row id="210" trl="Y">
  <value column="Name" original="Catamarca ">Catamarca</value>
 </row>
 <row id="211" trl="Y">
  <value column="Name" original="Chaco ">Chaco</value>
 </row>
 <row id="212" trl="Y">
  <value column="Name" original="Chubut ">Chubut</value>
 </row>
 <row id="213" trl="Y">
  <value column="Name" original="Ciudad Autónoma de Buenos Aires">Ciudad Autónoma de Buenos Aires</value>
 </row>
 <row id="214" trl="Y">
  <value column="Name" original="Córdoba ">Córdoba</value>
 </row>
 <row id="215" trl="Y">
  <value column="Name" original="Corrientes ">Corrientes</value>
 </row>
 <row id="216" trl="Y">
  <value column="Name" original="Entre Ríos">Entre Ríos</value>
 </row>
 <row id="217" trl="Y">
  <value column="Name" original="Formosa ">Formosa</value>
 </row>
 <row id="218" trl="Y">
  <value column="Name" original="Jujuy ">Jujuy</value>
 </row>
 <row id="219" trl="Y">
  <value column="Name" original="La Pampa">La Pampa</value>
 </row>
 <row id="220" trl="Y">
  <value column="Name" original="La Rioja">La Rioja</value>
 </row>
 <row id="221" trl="Y">
  <value column="Name" original="Mendoza">Mendoza</value>
 </row>
 <row id="222" trl="Y">
  <value column="Name" original="Misiones">Misiones</value>
 </row>
 <row id="223" trl="Y">
  <value column="Name" original="Neuquén">Neuquén</value>
 </row>
 <row id="224" trl="Y">
  <value column="Name" original="Río Negro ">Río Negro</value>
 </row>
 <row id="225" trl="Y">
  <value column="Name" original="Salta">Salta</value>
 </row>
 <row id="226" trl="Y">
  <value column="Name" original="San Juan">San Juan</value>
 </row>
 <row id="227" trl="Y">
  <value column="Name" original="San Luis ">San Luis</value>
 </row>
 <row id="228" trl="Y">
  <value column="Name" original="Santa Cruz">Santa Cruz</value>
 </row>
 <row id="229" trl="Y">
  <value column="Name" original="Santa Fe">Santa Fe</value>
 </row>
 <row id="230" trl="Y">
  <value column="Name" original="Santiago del Estero">Santiago del Estero</value>
 </row>
 <row id="231" trl="Y">
  <value column="Name" original="Tierra del Fuego">Tierra del Fuego</value>
 </row>
 <row id="232" trl="Y">
  <value column="Name" original="Antártida e Islas del Atlántico Sur ">Antártida e Islas del Atlántico Sur</value>
 </row>
 <row id="233" trl="Y">
  <value column="Name" original="Tucumán">Tucumán</value>
 </row>
 <row id="234" trl="Y">
  <value column="Name" original="Álava ">Álava</value>
 </row>
 <row id="235" trl="Y">
  <value column="Name" original="Albacete">Albacete</value>
 </row>
 <row id="236" trl="Y">
  <value column="Name" original="Alicante">Alicante</value>
 </row>
 <row id="237" trl="Y">
  <value column="Name" original="Almería ">Almería</value>
 </row>
 <row id="238" trl="Y">
  <value column="Name" original="Asturias ">Asturias</value>
 </row>
 <row id="239" trl="Y">
  <value column="Name" original="Ávila">Ávila</value>
 </row>
 <row id="240" trl="Y">
  <value column="Name" original="Badajoz">Badajoz</value>
 </row>
 <row id="241" trl="Y">
  <value column="Name" original="Islas Baleares">Islas Baleares</value>
 </row>
 <row id="242" trl="Y">
  <value column="Name" original="Barcelona">Barcelona</value>
 </row>
 <row id="243" trl="Y">
  <value column="Name" original="Burgos">Burgos</value>
 </row>
 <row id="244" trl="Y">
  <value column="Name" original="Cáceres ">Cáceres</value>
 </row>
 <row id="245" trl="Y">
  <value column="Name" original="Cádiz">Cádiz</value>
 </row>
 <row id="246" trl="Y">
  <value column="Name" original="Cantabria">Cantabria</value>
 </row>
 <row id="247" trl="Y">
  <value column="Name" original="Castellón">Castellón</value>
 </row>
 <row id="248" trl="Y">
  <value column="Name" original="Ceuta">Ceuta</value>
 </row>
 <row id="249" trl="Y">
  <value column="Name" original="Ciudad Real">Ciudad Real</value>
 </row>
 <row id="250" trl="Y">
  <value column="Name" original="Córdoba">Córdoba</value>
 </row>
 <row id="251" trl="Y">
  <value column="Name" original="La Coruña">La Coruña</value>
 </row>
 <row id="252" trl="Y">
  <value column="Name" original="Cuenca">Cuenca</value>
 </row>
 <row id="253" trl="Y">
  <value column="Name" original="Gerona">Gerona</value>
 </row>
 <row id="254" trl="Y">
  <value column="Name" original="Granada">Granada</value>
 </row>
 <row id="255" trl="Y">
  <value column="Name" original="Guadalajara">Guadalajara</value>
 </row>
 <row id="256" trl="Y">
  <value column="Name" original="Guipúzcoa">Guipúzcoa</value>
 </row>
 <row id="257" trl="Y">
  <value column="Name" original="Huelva">Huelva</value>
 </row>
 <row id="258" trl="Y">
  <value column="Name" original="Huesca">Huesca</value>
 </row>
 <row id="259" trl="Y">
  <value column="Name" original="Jaén">Jaén</value>
 </row>
 <row id="260" trl="Y">
  <value column="Name" original="León">León</value>
 </row>
 <row id="261" trl="Y">
  <value column="Name" original="Lérida">Lérida</value>
 </row>
 <row id="262" trl="Y">
  <value column="Name" original="Lugo">Lugo</value>
 </row>
 <row id="263" trl="Y">
  <value column="Name" original="Madrid">Madrid</value>
 </row>
 <row id="264" trl="Y">
  <value column="Name" original="Málaga">Málaga</value>
 </row>
 <row id="265" trl="Y">
  <value column="Name" original="Melilla">Melilla</value>
 </row>
 <row id="266" trl="Y">
  <value column="Name" original="Murcia">Murcia</value>
 </row>
 <row id="267" trl="Y">
  <value column="Name" original="Navarra">Navarra</value>
 </row>
 <row id="268" trl="Y">
  <value column="Name" original="Orense">Orense</value>
 </row>
 <row id="269" trl="Y">
  <value column="Name" original="Palencia">Palencia</value>
 </row>
 <row id="270" trl="Y">
  <value column="Name" original="Las Palmas">Las Palmas</value>
 </row>
 <row id="271" trl="Y">
  <value column="Name" original="Pontevedra">Pontevedra</value>
 </row>
 <row id="272" trl="Y">
  <value column="Name" original="La Rioja">La Rioja</value>
 </row>
 <row id="273" trl="Y">
  <value column="Name" original="Salamanca">Salamanca</value>
 </row>
 <row id="274" trl="Y">
  <value column="Name" original="Santa Cruz de Tenerife">Santa Cruz de Tenerife</value>
 </row>
 <row id="275" trl="Y">
  <value column="Name" original="Segovia">Segovia</value>
 </row>
 <row id="276" trl="Y">
  <value column="Name" original="Sevilla">Sevilla</value>
 </row>
 <row id="277" trl="Y">
  <value column="Name" original="Soria">Soria</value>
 </row>
 <row id="278" trl="Y">
  <value column="Name" original="Tarragona">Tarragona</value>
 </row>
 <row id="279" trl="Y">
  <value column="Name" original="Teruel">Teruel</value>
 </row>
 <row id="280" trl="Y">
  <value column="Name" original="Toledo">Toledo</value>
 </row>
 <row id="281" trl="Y">
  <value column="Name" original="Valencia">Valencia</value>
 </row>
 <row id="282" trl="Y">
  <value column="Name" original="Valladolid">Valladolid</value>
 </row>
 <row id="283" trl="Y">
  <value column="Name" original="Vizcaya">Vizcaya</value>
 </row>
 <row id="284" trl="Y">
  <value column="Name" original="Zamora">Zamora</value>
 </row>
 <row id="285" trl="Y">
  <value column="Name" original="Zaragoza">Zaragoza</value>
 </row>
 <row id="286" trl="Y">
  <value column="Name" original="DC">DC</value>
 </row>
 <row id="396" trl="Y">
  <value column="Name" original="北海道">北海道</value>
 </row>
 <row id="397" trl="Y">
  <value column="Name" original="青森">青森</value>
 </row>
 <row id="398" trl="Y">
  <value column="Name" original="岩手県">岩手県</value>
 </row>
 <row id="399" trl="Y">
  <value column="Name" original="宮城県">宮城県</value>
 </row>
 <row id="400" trl="Y">
  <value column="Name" original="秋田県">秋田県</value>
 </row>
 <row id="401" trl="Y">
  <value column="Name" original="山形県">山形県</value>
 </row>
 <row id="402" trl="Y">
  <value column="Name" original="福島県">福島県</value>
 </row>
 <row id="403" trl="Y">
  <value column="Name" original="茨城県">茨城県</value>
 </row>
 <row id="404" trl="Y">
  <value column="Name" original="群馬県">群馬県</value>
 </row>
 <row id="405" trl="Y">
  <value column="Name" original="埼玉県">埼玉県</value>
 </row>
 <row id="406" trl="Y">
  <value column="Name" original="千葉県">千葉県</value>
 </row>
 <row id="407" trl="Y">
  <value column="Name" original="東京都">東京都</value>
 </row>
 <row id="408" trl="Y">
  <value column="Name" original="神奈川">神奈川</value>
 </row>
 <row id="409" trl="Y">
  <value column="Name" original="新潟県">新潟県</value>
 </row>
 <row id="410" trl="Y">
  <value column="Name" original="富山県">富山県</value>
 </row>
 <row id="411" trl="Y">
  <value column="Name" original="石川県">石川県</value>
 </row>
 <row id="412" trl="Y">
  <value column="Name" original="福井県">福井県</value>
 </row>
 <row id="413" trl="Y">
  <value column="Name" original="山梨県">山梨県</value>
 </row>
 <row id="414" trl="Y">
  <value column="Name" original="岐阜県">岐阜県</value>
 </row>
 <row id="415" trl="Y">
  <value column="Name" original="静岡県">静岡県</value>
 </row>
 <row id="416" trl="Y">
  <value column="Name" original="愛知県">愛知県</value>
 </row>
 <row id="417" trl="Y">
  <value column="Name" original="三重県">三重県</value>
 </row>
 <row id="418" trl="Y">
  <value column="Name" original="滋賀県">滋賀県</value>
 </row>
 <row id="419" trl="Y">
  <value column="Name" original="京都府">京都府</value>
 </row>
 <row id="420" trl="Y">
  <value column="Name" original="大阪府">大阪府</value>
 </row>
 <row id="421" trl="Y">
  <value column="Name" original="兵庫県">兵庫県</value>
 </row>
 <row id="422" trl="Y">
  <value column="Name" original="奈良県">奈良県</value>
 </row>
 <row id="423" trl="Y">
  <value column="Name" original="和歌山県">和歌山県</value>
 </row>
 <row id="424" trl="Y">
  <value column="Name" original="鳥取県">鳥取県</value>
 </row>
 <row id="425" trl="Y">
  <value column="Name" original="島根県">島根県</value>
 </row>
 <row id="426" trl="Y">
  <value column="Name" original="岡山県">岡山県</value>
 </row>
 <row id="427" trl="Y">
  <value column="Name" original="広島県">広島県</value>
 </row>
 <row id="428" trl="Y">
  <value column="Name" original="山口県">山口県</value>
 </row>
 <row id="429" trl="Y">
  <value column="Name" original="徳島県">徳島県</value>
 </row>
 <row id="430" trl="Y">
  <value column="Name" original="香川県">香川県</value>
 </row>
 <row id="431" trl="Y">
  <value column="Name" original="愛媛県">愛媛県</value>
 </row>
 <row id="432" trl="Y">
  <value column="Name" original="高知県">高知県</value>
 </row>
 <row id="433" trl="Y">
  <value column="Name" original="福岡県">福岡県</value>
 </row>
 <row id="434" trl="Y">
  <value column="Name" original="佐賀県">佐賀県</value>
 </row>
 <row id="435" trl="Y">
  <value column="Name" original="長崎県">長崎県</value>
 </row>
 <row id="436" trl="Y">
  <value column="Name" original="熊本県">熊本県</value>
 </row>
 <row id="437" trl="Y">
  <value column="Name" original="大分県">大分県</value>
 </row>
 <row id="438" trl="Y">
  <value column="Name" original="宮崎県">宮崎県</value>
 </row>
 <row id="439" trl="Y">
  <value column="Name" original="鹿児島県">鹿児島県</value>
 </row>
 <row id="440" trl="Y">
  <value column="Name" original="沖縄県">沖縄県</value>
 </row>
 <row id="441" trl="Y">
  <value column="Name" original="AC">AC</value>
 </row>
 <row id="442" trl="Y">
  <value column="Name" original="AL">AL</value>
 </row>
 <row id="443" trl="Y">
  <value column="Name" original="AP">AP</value>
 </row>
 <row id="444" trl="Y">
  <value column="Name" original="AM">AM</value>
 </row>
 <row id="445" trl="Y">
  <value column="Name" original="BA">BA</value>
 </row>
 <row id="446" trl="Y">
  <value column="Name" original="CE">CE</value>
 </row>
 <row id="447" trl="Y">
  <value column="Name" original="DF">DF</value>
 </row>
 <row id="448" trl="Y">
  <value column="Name" original="ES">ES</value>
 </row>
 <row id="449" trl="Y">
  <value column="Name" original="GO">GO</value>
 </row>
 <row id="450" trl="Y">
  <value column="Name" original="MA">MA</value>
 </row>
 <row id="451" trl="Y">
  <value column="Name" original="MT">MT</value>
 </row>
 <row id="452" trl="Y">
  <value column="Name" original="MS">MS</value>
 </row>
 <row id="453" trl="Y">
  <value column="Name" original="MG">MG</value>
 </row>
 <row id="454" trl="Y">
  <value column="Name" original="PA">PA</value>
 </row>
 <row id="455" trl="Y">
  <value column="Name" original="PB">PB</value>
 </row>
 <row id="456" trl="Y">
  <value column="Name" original="PR">PR</value>
 </row>
 <row id="457" trl="Y">
  <value column="Name" original="PE">PE</value>
 </row>
 <row id="458" trl="Y">
  <value column="Name" original="PI">PI</value>
 </row>
 <row id="459" trl="Y">
  <value column="Name" original="RJ">RJ</value>
 </row>
 <row id="460" trl="Y">
  <value column="Name" original="RN">RN</value>
 </row>
 <row id="461" trl="Y">
  <value column="Name" original="RS">RS</value>
 </row>
 <row id="462" trl="Y">
  <value column="Name" original="RO">RO</value>
 </row>
 <row id="463" trl="Y">
  <value column="Name" original="RR">RR</value>
 </row>
 <row id="464" trl="Y">
  <value column="Name" original="SC">SC</value>
 </row>
 <row id="465" trl="Y">
  <value column="Name" original="SP">SP</value>
 </row>
 <row id="466" trl="Y">
  <value column="Name" original="SE">SE</value>
 </row>
 <row id="467" trl="Y">
  <value column="Name" original="TO">TO</value>
 </row>
 <row id="50000" trl="Y">
  <value column="Name" original="栃木県">栃木県</value>
 </row>
 <row id="50001" trl="Y">
  <value column="Name" original="長野県">長野県</value>
 </row>
 <row id="50002" trl="Y">
  <value column="Name" original="Baden-Württemberg">Baden-Württemberg</value>
 </row>
 <row id="50003" trl="Y">
  <value column="Name" original="Bayern">Bayern</value>
 </row>
 <row id="50004" trl="Y">
  <value column="Name" original="Berlin">Berlin</value>
 </row>
 <row id="50005" trl="Y">
  <value column="Name" original="Brandenburg">Brandenburg</value>
 </row>
 <row id="50006" trl="Y">
  <value column="Name" original="Bremen">Bremen</value>
 </row>
 <row id="50007" trl="Y">
  <value column="Name" original="Hamburg">Hamburg</value>
 </row>
 <row id="50008" trl="Y">
  <value column="Name" original="Hessen">Hessen</value>
 </row>
 <row id="50009" trl="Y">
  <value column="Name" original="Mecklenburg-Vorpommern">Mecklenburg-Vorpommern</value>
 </row>
 <row id="50010" trl="Y">
  <value column="Name" original="Niedersachsen">Niedersachsen</value>
 </row>
 <row id="50011" trl="Y">
  <value column="Name" original="Nordrhein-Westfalen">Nordrhein-Westfalen</value>
 </row>
 <row id="50012" trl="Y">
  <value column="Name" original="Rheinland-Pfalz">Rheinland-Pfalz</value>
 </row>
 <row id="50013" trl="Y">
  <value column="Name" original="Saarland">Saarland</value>
 </row>
 <row id="50014" trl="Y">
  <value column="Name" original="Sachsen">Sachsen</value>
 </row>
 <row id="50015" trl="Y">
  <value column="Name" original="Sachsen-Anhalt">Sachsen-Anhalt</value>
 </row>
 <row id="50016" trl="Y">
  <value column="Name" original="Schleswig-Holstein">Schleswig-Holstein</value>
 </row>
 <row id="50017" trl="Y">
  <value column="Name" original="Thüringen">Thüringen</value>
 </row>
 <row id="50018" trl="Y">
  <value column="Name" original="Адыгея (Адыгея) Республика">Адыгея (Адыгея) Республика</value>
 </row>
 <row id="50019" trl="Y">
  <value column="Name" original="Башкортостан Республика">Башкортостан Республика</value>
 </row>
 <row id="50020" trl="Y">
  <value column="Name" original="Бурятия Республика">Бурятия Республика</value>
 </row>
 <row id="50021" trl="Y">
  <value column="Name" original="Алтай Республика">Алтай Республика</value>
 </row>
 <row id="50022" trl="Y">
  <value column="Name" original="Дагестан Республика">Дагестан Республика</value>
 </row>
 <row id="50023" trl="Y">
  <value column="Name" original="Ингушетия Республика">Ингушетия Республика</value>
 </row>
 <row id="50024" trl="Y">
  <value column="Name" original="Кабардино-Балкарская Республика">Кабардино-Балкарская Республика</value>
 </row>
 <row id="50025" trl="Y">
  <value column="Name" original="Калмыкия Республика">Калмыкия Республика</value>
 </row>
 <row id="50026" trl="Y">
  <value column="Name" original="Карачаево-Черкесская Республика">Карачаево-Черкесская Республика</value>
 </row>
 <row id="50027" trl="Y">
  <value column="Name" original="Карелия Республика">Карелия Республика</value>
 </row>
 <row id="50028" trl="Y">
  <value column="Name" original="Коми Республика">Коми Республика</value>
 </row>
 <row id="50029" trl="Y">
  <value column="Name" original="Марий Эл Республика">Марий Эл Республика</value>
 </row>
 <row id="50030" trl="Y">
  <value column="Name" original="Мордовия Республика">Мордовия Республика</value>
 </row>
 <row id="50031" trl="Y">
  <value column="Name" original="Саха /Якутия/ Республика">Саха /Якутия/ Республика</value>
 </row>
 <row id="50032" trl="Y">
  <value column="Name" original="Северная Осетия - Алания Республика">Северная Осетия - Алания Республика</value>
 </row>
 <row id="50033" trl="Y">
  <value column="Name" original="Татарстан (Татарстан) Республика">Татарстан (Татарстан) Республика</value>
 </row>
 <row id="50034" trl="Y">
  <value column="Name" original="Тыва Республика">Тыва Республика</value>
 </row>
 <row id="50035" trl="Y">
  <value column="Name" original="Удмуртская Республика">Удмуртская Республика</value>
 </row>
 <row id="50036" trl="Y">
  <value column="Name" original="Хакасия Республика">Хакасия Республика</value>
 </row>
 <row id="50037" trl="Y">
  <value column="Name" original="Чеченская Республика">Чеченская Республика</value>
 </row>
 <row id="50038" trl="Y">
  <value column="Name" original="Чувашская Республика">Чувашская Республика</value>
 </row>
 <row id="50039" trl="Y">
  <value column="Name" original="Алтайский край">Алтайский край</value>
 </row>
 <row id="50040" trl="Y">
  <value column="Name" original="Краснодарский край">Краснодарский край</value>
 </row>
 <row id="50041" trl="Y">
  <value column="Name" original="Красноярский край">Красноярский край</value>
 </row>
 <row id="50042" trl="Y">
  <value column="Name" original="Приморский край">Приморский край</value>
 </row>
 <row id="50043" trl="Y">
  <value column="Name" original="Ставропольский край">Ставропольский край</value>
 </row>
 <row id="50044" trl="Y">
  <value column="Name" original="Хабаровский край">Хабаровский край</value>
 </row>
 <row id="50045" trl="Y">
  <value column="Name" original="Амурская область">Амурская область</value>
 </row>
 <row id="50046" trl="Y">
  <value column="Name" original="Архангельская область">Архангельская область</value>
 </row>
 <row id="50047" trl="Y">
  <value column="Name" original="Астраханская область">Астраханская область</value>
 </row>
 <row id="50048" trl="Y">
  <value column="Name" original="Белгородская область">Белгородская область</value>
 </row>
 <row id="50049" trl="Y">
  <value column="Name" original="Брянская область">Брянская область</value>
 </row>
 <row id="50050" trl="Y">
  <value column="Name" original="Владимирская область">Владимирская область</value>
 </row>
 <row id="50051" trl="Y">
  <value column="Name" original="Волгоградская область">Волгоградская область</value>
 </row>
 <row id="50052" trl="Y">
  <value column="Name" original="Вологодская область">Вологодская область</value>
 </row>
 <row id="50053" trl="Y">
  <value column="Name" original="Воронежская область">Воронежская область</value>
 </row>
 <row id="50054" trl="Y">
  <value column="Name" original="Ивановская область">Ивановская область</value>
 </row>
 <row id="50055" trl="Y">
  <value column="Name" original="Иркутская область">Иркутская область</value>
 </row>
 <row id="50056" trl="Y">
  <value column="Name" original="Калининградская область">Калининградская область</value>
 </row>
 <row id="50057" trl="Y">
  <value column="Name" original="Калужская область">Калужская область</value>
 </row>
 <row id="50058" trl="Y">
  <value column="Name" original="Камчатский край">Камчатский край</value>
 </row>
 <row id="50059" trl="Y">
  <value column="Name" original="Кемеровская область">Кемеровская область</value>
 </row>
 <row id="50060" trl="Y">
  <value column="Name" original="Кировская область">Кировская область</value>
 </row>
 <row id="50061" trl="Y">
  <value column="Name" original="Костромская область">Костромская область</value>
 </row>
 <row id="50062" trl="Y">
  <value column="Name" original="Курганская область">Курганская область</value>
 </row>
 <row id="50063" trl="Y">
  <value column="Name" original="Курская область">Курская область</value>
 </row>
 <row id="50064" trl="Y">
  <value column="Name" original="Ленинградская область">Ленинградская область</value>
 </row>
 <row id="50065" trl="Y">
  <value column="Name" original="Липецкая область">Липецкая область</value>
 </row>
 <row id="50066" trl="Y">
  <value column="Name" original="Магаданская область">Магаданская область</value>
 </row>
 <row id="50067" trl="Y">
  <value column="Name" original="Московская область">Московская область</value>
 </row>
 <row id="50068" trl="Y">
  <value column="Name" original="Мурманская область">Мурманская область</value>
 </row>
 <row id="50069" trl="Y">
  <value column="Name" original="Нижегородская область">Нижегородская область</value>
 </row>
 <row id="50070" trl="Y">
  <value column="Name" original="Новгородская область">Новгородская область</value>
 </row>
 <row id="50071" trl="Y">
  <value column="Name" original="Новосибирская область">Новосибирская область</value>
 </row>
 <row id="50072" trl="Y">
  <value column="Name" original="Омская область">Омская область</value>
 </row>
 <row id="50073" trl="Y">
  <value column="Name" original="Оренбургская область">Оренбургская область</value>
 </row>
 <row id="50074" trl="Y">
  <value column="Name" original="Орловская область">Орловская область</value>
 </row>
 <row id="50075" trl="Y">
  <value column="Name" original="Пензенская область">Пензенская область</value>
 </row>
 <row id="50076" trl="Y">
  <value column="Name" original="Пермский край">Пермский край</value>
 </row>
 <row id="50077" trl="Y">
  <value column="Name" original="Псковская область">Псковская область</value>
 </row>
 <row id="50078" trl="Y">
  <value column="Name" original="Ростовская область">Ростовская область</value>
 </row>
 <row id="50079" trl="Y">
  <value column="Name" original="Рязанская область">Рязанская область</value>
 </row>
 <row id="50080" trl="Y">
  <value column="Name" original="Самарская область">Самарская область</value>
 </row>
 <row id="50081" trl="Y">
  <value column="Name" original="Саратовская область">Саратовская область</value>
 </row>
 <row id="50082" trl="Y">
  <value column="Name" original="Сахалинская область">Сахалинская область</value>
 </row>
 <row id="50083" trl="Y">
  <value column="Name" original="Свердловская область">Свердловская область</value>
 </row>
 <row id="50084" trl="Y">
  <value column="Name" original="Смоленская область">Смоленская область</value>
 </row>
 <row id="50085" trl="Y">
  <value column="Name" original="Тамбовская область">Тамбовская область</value>
 </row>
 <row id="50086" trl="Y">
  <value column="Name" original="Тверская область">Тверская область</value>
 </row>
 <row id="50087" trl="Y">
  <value column="Name" original="Томская область">Томская область</value>
 </row>
 <row id="50088" trl="Y">
  <value column="Name" original="Тульская область">Тульская область</value>
 </row>
 <row id="50089" trl="Y">
  <value column="Name" original="Тюменская область">Тюменская область</value>
 </row>
 <row id="50090" trl="Y">
  <value column="Name" original="Ульяновская область">Ульяновская область</value>
 </row>
 <row id="50091" trl="Y">
  <value column="Name" original="Челябинская область">Челябинская область</value>
 </row>
 <row id="50092" trl="Y">
  <value column="Name" original="Забайкальский край">Забайкальский край</value>
 </row>
 <row id="50093" trl="Y">
  <value column="Name" original="Ярославская область">Ярославская область</value>
 </row>
 <row id="50094" trl="Y">
  <value column="Name" original="Москва город">Москва город</value>
 </row>
 <row id="50095" trl="Y">
  <value column="Name" original="Санкт-Петербург город">Санкт-Петербург город</value>
 </row>
 <row id="50096" trl="Y">
  <value column="Name" original="Еврейская автономная область">Еврейская автономная область</value>
 </row>
 <row id="50097" trl="Y">
  <value column="Name" original="Забайкальский край Агинский Бурятский округ">Забайкальский край Агинский Бурятский округ</value>
 </row>
 <row id="50098" trl="Y">
  <value column="Name" original="Ненецкий автономный округ">Ненецкий автономный округ</value>
 </row>
 <row id="50099" trl="Y">
  <value column="Name" original="Иркутская область Усть-Ордынский Бурятский округ">Иркутская область Усть-Ордынский Бурятский округ</value>
 </row>
 <row id="50100" trl="Y">
  <value column="Name" original="Ханты-Мансийский автономный округ - Югра">Ханты-Мансийский автономный округ - Югра</value>
 </row>
 <row id="50101" trl="Y">
  <value column="Name" original="Чукотский автономный округ">Чукотский автономный округ</value>
 </row>
 <row id="50102" trl="Y">
  <value column="Name" original="Ямало-Ненецкий автономный округ">Ямало-Ненецкий автономный округ</value>
 </row>
 <row id="50103" trl="Y">
  <value column="Name" original="Байконур город">Байконур город</value>
 </row>
 <row id="200109" trl="Y">
  <value column="Name" original="ANTIOQUIA">ANTIOQUIA</value>
 </row>
 <row id="200110" trl="Y">
  <value column="Name" original="ATLÁNTICO">ATLÁNTICO</value>
 </row>
 <row id="200111" trl="Y">
  <value column="Name" original="D.C.">D.C.</value>
 </row>
 <row id="200112" trl="Y">
  <value column="Name" original="BOLÍVAR">BOLÍVAR</value>
 </row>
 <row id="200113" trl="Y">
  <value column="Name" original="BOYACÁ">BOYACÁ</value>
 </row>
 <row id="200114" trl="Y">
  <value column="Name" original="CALDAS">CALDAS</value>
 </row>
 <row id="200115" trl="Y">
  <value column="Name" original="CAQUETÁ">CAQUETÁ</value>
 </row>
 <row id="200116" trl="Y">
  <value column="Name" original="CAUCA">CAUCA</value>
 </row>
 <row id="200117" trl="Y">
  <value column="Name" original="CESAR">CESAR</value>
 </row>
 <row id="200118" trl="Y">
  <value column="Name" original="CÓRDOBA">CÓRDOBA</value>
 </row>
 <row id="200119" trl="Y">
  <value column="Name" original="CUNDINAMARCA">CUNDINAMARCA</value>
 </row>
 <row id="200120" trl="Y">
  <value column="Name" original="CHOCÓ">CHOCÓ</value>
 </row>
 <row id="200121" trl="Y">
  <value column="Name" original="HUILA">HUILA</value>
 </row>
 <row id="200122" trl="Y">
  <value column="Name" original="LA GUAJIRA">LA GUAJIRA</value>
 </row>
 <row id="200123" trl="Y">
  <value column="Name" original="MAGDALENA">MAGDALENA</value>
 </row>
 <row id="200124" trl="Y">
  <value column="Name" original="META">META</value>
 </row>
 <row id="200125" trl="Y">
  <value column="Name" original="NARIÑO">NARIÑO</value>
 </row>
 <row id="200126" trl="Y">
  <value column="Name" original="NORTE DE SANTANDER">NORTE DE SANTANDER</value>
 </row>
 <row id="200127" trl="Y">
  <value column="Name" original="QUINDÍO">QUINDÍO</value>
 </row>
 <row id="200128" trl="Y">
  <value column="Name" original="RISARALDA">RISARALDA</value>
 </row>
 <row id="200129" trl="Y">
  <value column="Name" original="SANTANDER">SANTANDER</value>
 </row>
 <row id="200130" trl="Y">
  <value column="Name" original="SUCRE">SUCRE</value>
 </row>
 <row id="200131" trl="Y">
  <value column="Name" original="TOLIMA">TOLIMA</value>
 </row>
 <row id="200132" trl="Y">
  <value column="Name" original="VALLE">VALLE</value>
 </row>
 <row id="200133" trl="Y">
  <value column="Name" original="ARAUCA">ARAUCA</value>
 </row>
 <row id="200134" trl="Y">
  <value column="Name" original="CASANARE">CASANARE</value>
 </row>
 <row id="200135" trl="Y">
  <value column="Name" original="PUTUMAYO">PUTUMAYO</value>
 </row>
 <row id="200136" trl="Y">
  <value column="Name" original="SAN ANDRÉS">SAN ANDRÉS</value>
 </row>
 <row id="200137" trl="Y">
  <value column="Name" original="AMAZONAS">AMAZONAS</value>
 </row>
 <row id="200138" trl="Y">
  <value column="Name" original="GUAINÍA">GUAINÍA</value>
 </row>
 <row id="200139" trl="Y">
  <value column="Name" original="GUAVIARE">GUAVIARE</value>
 </row>
 <row id="200140" trl="Y">
  <value column="Name" original="VAUPÉS">VAUPÉS</value>
 </row>
 <row id="200141" trl="Y">
  <value column="Name" original="VICHADA">VICHADA</value>
 </row>
 <row id="200142" trl="Y">
  <value column="Name" original="Vienna">Vienna</value>
 </row>
 <row id="200143" trl="Y">
  <value column="Name" original="Lower Austria">Lower Austria</value>
 </row>
 <row id="200144" trl="Y">
  <value column="Name" original="Upper Austria">Upper Austria</value>
 </row>
 <row id="200145" trl="Y">
  <value column="Name" original="Styria">Styria</value>
 </row>
 <row id="200146" trl="Y">
  <value column="Name" original="Tyrol">Tyrol</value>
 </row>
 <row id="200147" trl="Y">
  <value column="Name" original="Carinthia">Carinthia</value>
 </row>
 <row id="200148" trl="Y">
  <value column="Name" original="Salzburg">Salzburg</value>
 </row>
 <row id="200149" trl="Y">
  <value column="Name" original="Vorarlberg">Vorarlberg</value>
 </row>
 <row id="200150" trl="Y">
  <value column="Name" original="Burgenland">Burgenland</value>
 </row>
 <row trl="Y" uuid="566e92ef-0170-4fc9-8e0e-1f5c5ee7c6d0">
  <value column="Name" original="AL">AL</value>
 </row>
 <row trl="Y" uuid="7468ed5f-fb70-42c6-81b9-2e74bceecd73">
  <value column="Name" original="AN">AN</value>
 </row>
 <row trl="Y" uuid="a6fab4ee-9986-4602-9599-05472213a6a7">
  <value column="Name" original="AO">AO</value>
 </row>
 <row trl="Y" uuid="01ffc574-2abf-40bf-9b06-47b954ae962d">
  <value column="Name" original="AP">AP</value>
 </row>
 <row trl="Y" uuid="15fe36e3-29c8-4d24-b801-2b52ce051715">
  <value column="Name" original="AR">AR</value>
 </row>
 <row trl="Y" uuid="7a85cff5-fc8f-45af-bc63-427cd4a6dc71">
  <value column="Name" original="AT">AT</value>
 </row>
 <row trl="Y" uuid="a6c1b415-eaf3-4dde-bf84-d7ce60af26cc">
  <value column="Name" original="AV">AV</value>
 </row>
 <row trl="Y" uuid="9bac7b5d-e288-4c36-995b-eaea2523c9b3">
  <value column="Name" original="BG">BG</value>
 </row>
 <row trl="Y" uuid="3c1b2488-4af0-483a-98bb-67c9fc87ab54">
  <value column="Name" original="BI">BI</value>
 </row>
 <row trl="Y" uuid="57232725-dc6d-4931-a8b6-8b850f4b5fd9">
  <value column="Name" original="BL">BL</value>
 </row>
 <row trl="Y" uuid="7c1d3b3b-cf0b-43a6-8298-daac14db3b0b">
  <value column="Name" original="BN">BN</value>
 </row>
 <row trl="Y" uuid="2c5e28d5-9ac7-4d36-87e0-580981ff7b50">
  <value column="Name" original="BT">BT</value>
 </row>
 <row trl="Y" uuid="7b8320ba-a515-4474-911d-ecdee5055a55">
  <value column="Name" original="BZ">BZ</value>
 </row>
 <row trl="Y" uuid="1cf5bc6d-f28f-4700-aa10-3170243797d5">
  <value column="Name" original="GO">GO</value>
 </row>
 <row trl="Y" uuid="6a0aabd7-afb8-4bda-b7cd-16f5da4deeca">
  <value column="Name" original="MI">MI</value>
 </row>
 <row trl="Y" uuid="738f05d9-f5d4-4c4b-8b31-11d60c006b14">
  <value column="Name" original="PD">PD</value>
 </row>
 <row trl="Y" uuid="890bc3f3-31bf-4e67-a3e8-9fd6cf783080">
  <value column="Name" original="PN">PN</value>
 </row>
 <row trl="Y" uuid="f474085d-36d5-43fc-b9e1-ac7d504eb307">
  <value column="Name" original="TO">TO</value>
 </row>
 <row trl="Y" uuid="9c0f0a8a-6780-4339-b88a-bc98520643a3">
  <value column="Name" original="BR">BR</value>
 </row>
 <row trl="Y" uuid="c8f19ff9-29ec-4fa1-a8b9-93ea21c51090">
  <value column="Name" original="BS">BS</value>
 </row>
 <row trl="Y" uuid="83ca55d3-8567-4080-af2e-b9d18ed84844">
  <value column="Name" original="CA">CA</value>
 </row>
 <row trl="Y" uuid="4dfb8a8f-41ef-4a4b-9df8-9b0d62dc312b">
  <value column="Name" original="CB">CB</value>
 </row>
 <row trl="Y" uuid="be004340-88fb-4e32-bf7d-25be5104e9d2">
  <value column="Name" original="CE">CE</value>
 </row>
 <row trl="Y" uuid="84474f70-9677-4804-98e9-b740b60e3554">
  <value column="Name" original="CH">CH</value>
 </row>
 <row trl="Y" uuid="0dec2605-a4f5-4221-b7d5-349782d1cc28">
  <value column="Name" original="CL">CL</value>
 </row>
 <row trl="Y" uuid="bfdda93b-5e3e-4112-9652-d4cb55ef9776">
  <value column="Name" original="CN">CN</value>
 </row>
 <row trl="Y" uuid="c1ec42b3-e413-4f21-89a4-3db0a784aab5">
  <value column="Name" original="CO">CO</value>
 </row>
 <row trl="Y" uuid="94a1165d-6c64-4097-ae9c-d6754ddf4465">
  <value column="Name" original="CR">CR</value>
 </row>
 <row trl="Y" uuid="2a16d22b-f6ab-48fe-b28a-61d10fe38dfd">
  <value column="Name" original="CS">CS</value>
 </row>
 <row trl="Y" uuid="368f69a4-ff27-4c5b-ab50-4289acbe25ef">
  <value column="Name" original="CT">CT</value>
 </row>
 <row trl="Y" uuid="33d4531a-c91f-407d-8287-28ca66fb11ad">
  <value column="Name" original="CZ">CZ</value>
 </row>
 <row trl="Y" uuid="908f6faf-8ff8-45b5-b180-159abbeb6f84">
  <value column="Name" original="EN">EN</value>
 </row>
 <row trl="Y" uuid="8177f46d-f1b7-4571-be36-d93765463ec9">
  <value column="Name" original="FC">FC</value>
 </row>
 <row trl="Y" uuid="64fcd523-392e-424c-9f38-1a75366c5649">
  <value column="Name" original="FI">FI</value>
 </row>
 <row trl="Y" uuid="5bea07b9-e831-4b7d-9488-b394009f0e75">
  <value column="Name" original="FM">FM</value>
 </row>
 <row trl="Y" uuid="aa594fef-08ba-43d0-ba36-58febfa20e15">
  <value column="Name" original="FR">FR</value>
 </row>
 <row trl="Y" uuid="819e8191-5174-4452-a77a-42885dc1ece6">
  <value column="Name" original="GE">GE</value>
 </row>
 <row trl="Y" uuid="550cd79f-95d4-42bf-82fd-4663bb1aed34">
  <value column="Name" original="GR">GR</value>
 </row>
 <row trl="Y" uuid="601c3ed9-efa9-40ba-aa35-1a9016d73d5c">
  <value column="Name" original="IM">IM</value>
 </row>
 <row trl="Y" uuid="b108e4f5-9f83-4f25-b8e8-860b0fb66259">
  <value column="Name" original="IS">IS</value>
 </row>
 <row trl="Y" uuid="2f820abe-0f99-45fe-bf8d-d86b80c4d224">
  <value column="Name" original="KR">KR</value>
 </row>
 <row trl="Y" uuid="643c1a40-6a38-4751-bb94-9306bd73145a">
  <value column="Name" original="LE">LE</value>
 </row>
 <row trl="Y" uuid="86e8af55-345b-41a1-9590-5121fc0b96c6">
  <value column="Name" original="LI">LI</value>
 </row>
 <row trl="Y" uuid="5ce327ff-4854-4537-835e-c7cf0c8d6965">
  <value column="Name" original="LO">LO</value>
 </row>
 <row trl="Y" uuid="651df419-8b66-4fc0-8446-2026a282723f">
  <value column="Name" original="LT">LT</value>
 </row>
 <row trl="Y" uuid="d2fddd2e-8a0f-40a7-bb65-89ff1e81cf54">
  <value column="Name" original="LU">LU</value>
 </row>
 <row trl="Y" uuid="735d1f6b-a55a-4187-846a-781cb68a3839">
  <value column="Name" original="MB">MB</value>
 </row>
 <row trl="Y" uuid="803c1881-7f41-4c1e-a186-86be623631d1">
  <value column="Name" original="MC">MC</value>
 </row>
 <row trl="Y" uuid="b4c27724-8eec-4d0b-8003-94d4b1dba9b8">
  <value column="Name" original="ME">ME</value>
 </row>
 <row trl="Y" uuid="94864163-2870-4587-9744-3e7a5e2b1ce5">
  <value column="Name" original="MN">MN</value>
 </row>
 <row trl="Y" uuid="903b44b8-6db3-42f0-9863-be1271471416">
  <value column="Name" original="MO">MO</value>
 </row>
 <row trl="Y" uuid="cd9d9379-746e-4005-91f1-ccae4ed13890">
  <value column="Name" original="MS">MS</value>
 </row>
 <row trl="Y" uuid="4dd9e8e9-5cd9-4d61-8304-135eaea7ee3d">
  <value column="Name" original="MT">MT</value>
 </row>
 <row trl="Y" uuid="e694ad1d-16a0-4b90-b9c5-de5217252a94">
  <value column="Name" original="NA">NA</value>
 </row>
 <row trl="Y" uuid="ee155139-1f22-4b19-88af-85f5088f0ab0">
  <value column="Name" original="NO">NO</value>
 </row>
 <row trl="Y" uuid="6328605f-d42d-4f20-bc1f-6f3a92e03a79">
  <value column="Name" original="NU">NU</value>
 </row>
 <row trl="Y" uuid="253e2e8e-af41-4503-8503-fc4fa149a42a">
  <value column="Name" original="OR">OR</value>
 </row>
 <row trl="Y" uuid="93647e31-984f-46f9-960e-403cc84ea1c3">
  <value column="Name" original="PA">PA</value>
 </row>
 <row trl="Y" uuid="ac1b0f20-e086-4575-a3ff-560aed117eee">
  <value column="Name" original="PC">PC</value>
 </row>
 <row trl="Y" uuid="4c6a72d4-9b85-4928-9cb9-a6697d24411c">
  <value column="Name" original="PI">PI</value>
 </row>
 <row trl="Y" uuid="2462dec1-4c62-43a4-bfd8-152c37a9d124">
  <value column="Name" original="PO">PO</value>
 </row>
 <row trl="Y" uuid="a6b8f237-bdcb-410d-be33-9759e01f283b">
  <value column="Name" original="PR">PR</value>
 </row>
 <row trl="Y" uuid="03d4d330-3e1d-418d-a1d4-1fee2e52e811">
  <value column="Name" original="PT">PT</value>
 </row>
 <row trl="Y" uuid="469fa570-b9aa-4771-9189-a249ae8df2fb">
  <value column="Name" original="PU">PU</value>
 </row>
 <row trl="Y" uuid="b06de713-6c9a-4ad1-926a-cc0f413f0f89">
  <value column="Name" original="PZ">PZ</value>
 </row>
 <row trl="Y" uuid="b765ab43-af52-40dc-82c0-952d4a8c0f9c">
  <value column="Name" original="RA">RA</value>
 </row>
 <row trl="Y" uuid="2fba3fbb-457d-4344-9221-66fd278022e1">
  <value column="Name" original="RC">RC</value>
 </row>
 <row trl="Y" uuid="8ef5ffea-2be7-4300-8861-28c2eb84a124">
  <value column="Name" original="RG">RG</value>
 </row>
 <row trl="Y" uuid="9a3401c5-5b56-454f-bf28-11dca8b372bf">
  <value column="Name" original="SP">SP</value>
 </row>
 <row trl="Y" uuid="b4b3a688-5583-4746-b6ee-3b6d894b46d0">
  <value column="Name" original="SU">SU</value>
 </row>
 <row trl="Y" uuid="dc5cfda2-9e3b-4626-a6da-8117b6e18048">
  <value column="Name" original="AG">AG</value>
 </row>
 <row trl="Y" uuid="891ed20a-dcf8-4b32-a24f-1f49f59c9ff7">
  <value column="Name" original="AQ">AQ</value>
 </row>
 <row trl="Y" uuid="7c1c206a-96b2-4b1c-aa9c-8fd384c970a0">
  <value column="Name" original="BA">BA</value>
 </row>
 <row trl="Y" uuid="3c4d81ed-3c93-445b-99b4-e2b2ced3014b">
  <value column="Name" original="BO">BO</value>
 </row>
 <row trl="Y" uuid="dafa0740-f3b5-4a03-a399-66b985a65aef">
  <value column="Name" original="FE">FE</value>
 </row>
 <row trl="Y" uuid="a37fc11c-7840-4536-bdb0-38f452a04242">
  <value column="Name" original="FG">FG</value>
 </row>
 <row trl="Y" uuid="249b0e87-ff9b-4127-96a0-74956b7a79e9">
  <value column="Name" original="LC">LC</value>
 </row>
 <row trl="Y" uuid="d4c995e7-652e-4866-8583-5b434df3de88">
  <value column="Name" original="PE">PE</value>
 </row>
 <row trl="Y" uuid="7800b33a-06bb-43e0-ab53-1237a3e35eae">
  <value column="Name" original="PG">PG</value>
 </row>
 <row trl="Y" uuid="4f399477-848e-49f8-ba32-0b12ea51c9db">
  <value column="Name" original="PV">PV</value>
 </row>
 <row trl="Y" uuid="97e07588-172a-45f2-aa4a-789df941429d">
  <value column="Name" original="RE">RE</value>
 </row>
 <row trl="Y" uuid="46843d78-848c-4710-a9af-5a38cecf4196">
  <value column="Name" original="RI">RI</value>
 </row>
 <row trl="Y" uuid="88bb4876-094f-4bab-ad79-31ffe99a0d72">
  <value column="Name" original="RM">RM</value>
 </row>
 <row trl="Y" uuid="e0b0b698-c1e3-4bd9-8983-5dd391194bf1">
  <value column="Name" original="RN">RN</value>
 </row>
 <row trl="Y" uuid="45b2313e-1588-4ea7-9b96-6688adccb989">
  <value column="Name" original="RO">RO</value>
 </row>
 <row trl="Y" uuid="1e890785-d95e-4a9b-8383-4141768f6bb2">
  <value column="Name" original="SA">SA</value>
 </row>
 <row trl="Y" uuid="cad75ae8-990d-43e1-904b-4c36c1fbbe34">
  <value column="Name" original="SI">SI</value>
 </row>
 <row trl="Y" uuid="18a9bc62-35e9-436e-bb54-85a5c83c4a80">
  <value column="Name" original="SO">SO</value>
 </row>
 <row trl="Y" uuid="56bc54eb-9ca5-4309-94df-b2d0892d2fe3">
  <value column="Name" original="SR">SR</value>
 </row>
 <row trl="Y" uuid="186d57c7-72d3-4401-8fc4-2156163ddef3">
  <value column="Name" original="SS">SS</value>
 </row>
 <row trl="Y" uuid="f0a69862-e642-4b50-9752-0c3654c023f4">
  <value column="Name" original="SV">SV</value>
 </row>
 <row trl="Y" uuid="0fbb0ce6-fee0-4482-ad11-1dfa61496791">
  <value column="Name" original="TA">TA</value>
 </row>
 <row trl="Y" uuid="b2a1dba0-cdec-494c-a97e-315b5e56a74d">
  <value column="Name" original="TE">TE</value>
 </row>
 <row trl="Y" uuid="32002388-7838-45f1-877f-672631284e39">
  <value column="Name" original="TN">TN</value>
 </row>
 <row trl="Y" uuid="3923d771-7acd-4cbd-88f8-279f3a1dfdcb">
  <value column="Name" original="TP">TP</value>
 </row>
 <row trl="Y" uuid="609ee5ed-9d8b-4ef9-a3a4-4b0a94e4f1ce">
  <value column="Name" original="TR">TR</value>
 </row>
 <row trl="Y" uuid="3537ea7b-a804-40ca-9cbf-4d6ed48e51ab">
  <value column="Name" original="TS">TS</value>
 </row>
 <row trl="Y" uuid="4f5cd05e-5354-44ec-8f32-f6d3ba3451da">
  <value column="Name" original="TV">TV</value>
 </row>
 <row trl="Y" uuid="c5e99aae-49fc-4b3f-86cb-dce41eb33d14">
  <value column="Name" original="UD">UD</value>
 </row>
 <row trl="Y" uuid="a1d4292d-f327-4cde-82b7-b96133b3ea41">
  <value column="Name" original="VA">VA</value>
 </row>
 <row trl="Y" uuid="7ddc43fc-4cbf-4323-983e-2966211fc534">
  <value column="Name" original="VB">VB</value>
 </row>
 <row trl="Y" uuid="30ef1138-ab62-486f-920e-c748428b32b0">
  <value column="Name" original="VC">VC</value>
 </row>
 <row trl="Y" uuid="afbad97e-82fa-4110-9eda-52c5ead839b2">
  <value column="Name" original="VE">VE</value>
 </row>
 <row trl="Y" uuid="f29bc17c-ac58-4c0a-888a-b8aed89c9fa1">
  <value column="Name" original="VI">VI</value>
 </row>
 <row trl="Y" uuid="621b6e4e-20e0-4441-bb8f-539962112e21">
  <value column="Name" original="VR">VR</value>
 </row>
 <row trl="Y" uuid="1365ae5c-d95e-4650-8c42-4277221e5661">
  <value column="Name" original="VT">VT</value>
 </row>
 <row trl="Y" uuid="4ec7c46f-7478-4351-9a31-a25eeac3a3d0">
  <value column="Name" original="VV">VV</value>
 </row>
</idempiereTrl>
