<?xml version="1.0" encoding="UTF-8" standalone="no"?>
<!--iDempiere(r) Release 11_2023-12-24 -Smart Suite ERP, CRM and SCM- (c) 1999-2024 iDempiere(r); Implementation: iDempiere - Supported by iDempiere community--><!--<!DOCTYPE idempiereTrl PUBLIC "-//ComPiere, Inc.//DTD iDempiere Translation 1.0//EN" "http://www.idempiere.com/dtd/idempiereTrl.dtd">--><idempiereTrl language="it_IT" table="C_UOM">
 <row id="100" trl="Y">
  <value column="Name" original="Each">numero</value>
  <value column="Description" original=""/>
  <value column="UOMSymbol" original="Ea ">Nr</value>
 </row>
 <row id="101" trl="Y">
  <value column="Name" original="Hour">ora</value>
  <value column="Description" original=""/>
  <value column="UOMSymbol" original="h  ">h</value>
 </row>
 <row id="102" trl="Y">
  <value column="Name" original="Day">giorno</value>
  <value column="Description" original=""/>
  <value column="UOMSymbol" original="d  ">g</value>
 </row>
 <row id="103" trl="Y">
  <value column="Name" original="Minutes">minuto</value>
  <value column="Description" original="(lowest unit for resorce assigments)">(unità più bassa per assegnazioni risorsa)</value>
  <value column="UOMSymbol" original="m  ">m</value>
 </row>
 <row id="104" trl="Y">
  <value column="Name" original="Work Day">giorno lavorativo</value>
  <value column="Description" original="8 hour">8 ore</value>
  <value column="UOMSymbol" original="D  ">G</value>
 </row>
 <row id="105" trl="Y">
  <value column="Name" original="Week">settimana</value>
  <value column="Description" original=""/>
  <value column="UOMSymbol" original="w  ">w</value>
 </row>
 <row id="106" trl="Y">
  <value column="Name" original="Month">mese</value>
  <value column="Description" original="30 days">30 giorni</value>
  <value column="UOMSymbol" original="m  ">m</value>
 </row>
 <row id="107" trl="Y">
  <value column="Name" original="Working Month">mese lavorativo</value>
  <value column="Description" original="20 days">20 giorni</value>
  <value column="UOMSymbol" original="M  ">M</value>
 </row>
 <row id="108" trl="Y">
  <value column="Name" original="Year">anno</value>
  <value column="Description" original=""/>
  <value column="UOMSymbol" original="y  ">y</value>
 </row>
</idempiereTrl>
