<?xml version="1.0" encoding="UTF-8" standalone="no"?>
<!--iDempiere(r) Release 11_2023-12-24 -Smart Suite ERP, CRM and SCM- (c) 1999-2024 iDempiere(r); Implementation: iDempiere - Supported by iDempiere community--><!--<!DOCTYPE idempiereTrl PUBLIC "-//ComPiere, Inc.//DTD iDempiere Translation 1.0//EN" "http://www.idempiere.com/dtd/idempiereTrl.dtd">--><idempiereTrl language="it_IT" table="PA_DocumentStatus">
 <row id="200002" trl="Y">
  <value column="Name" original="Notice">Notifiche</value>
  <value column="Description" original=""/>
 </row>
 <row id="200003" trl="Y">
  <value column="Name" original="Request">Richiesta</value>
  <value column="Description" original=""/>
 </row>
 <row id="200004" trl="Y">
  <value column="Name" original="Workflow Activities">Attività workflow</value>
  <value column="Description" original=""/>
 </row>
 <row id="200005" trl="Y">
  <value column="Name" original="Unprocessed Documents">Documenti bozza</value>
  <value column="Description" original=""/>
 </row>
 <row trl="Y" uuid="ec74bb8a-8bbc-4691-a56f-29e56d8c5d3a">
  <value column="Name" original="Alert Actions">Azioni</value>
  <value column="Description" original=""/>
 </row>
</idempiereTrl>
